"","sequence_name","sample_time","sample_date","region","lineage","mutations"
"1","England/PHEC-YYGO47R/2022",2022.57260273973,2022-07-29,"","Unassigned","orf1ab:S135R|orf1ab:T842I|synSNP:C3037T|orf1ab:G1307S|synSNP:C4321T|synSNP:T7900C|orf1ab:L3027F|synSNP:A9424G|orf1ab:T3090I|orf1ab:T3255I|synSNP:C10198T|synSNP:G10447A|orf1ab:P3395H|synSNP:G12160A|synSNP:C12880T|orf1ab:P4715L|synSNP:C15654T|synSNP:C15714T|orf1ab:R5716C|orf1ab:I5967V|S:T19I|synSNP:T21889C|S:G142D|S:V213G|S:G339D|S:S373P|S:S375F|S:T376A|S:D405N|S:R408S|S:K417N|S:N440K|S:L452R|S:S477N|S:T478K|S:E484A|S:F486V|S:Q498R|S:N501Y|S:Y505H|S:D614G|S:H655Y|S:N679K|S:P681H|S:D796Y|S:Q954H|S:N969K|synSNP:C25000T|synSNP:C25584T|ORF3a:T223I|E:T9I|M:D3N|M:Q19E|M:A63T|ORF6:V5I|synSNP:T27438C|N:P13L|synSNP:A28864T|N:R203K|N:G204R|N:T271I|N:S413R|ORF10:L37F"
"2","England/QEUH-3F328E7/2022",2022.56438356164,2022-07-26,"KENT","BA.5.1.2","orf1ab:S135R|orf1ab:T842I|synSNP:C3037T|orf1ab:G1307S|synSNP:C4321T|synSNP:C6541T|orf1ab:L3027F|synSNP:A9424G|orf1ab:T3090I|orf1ab:T3255I|synSNP:C10198T|synSNP:G10447A|orf1ab:P3395H|synSNP:G12160A|synSNP:C12880T|orf1ab:P4715L|synSNP:C15654T|synSNP:C15714T|orf1ab:R5716C|orf1ab:I5967V|orf1ab:T6564I|synSNP:A20055G|orf1ab:P6642S|S:L5F|S:T19I|S:G142D|S:V213G|S:G339D|S:S371F|S:S373P|S:S375F|S:T376A|S:D405N|S:R408S|S:K417N|S:N440K|S:L452R|S:S477N|S:T478K|S:E484A|S:F486V|S:Q498R|S:N501Y|S:Y505H|S:T547I|S:D614G|S:H655Y|S:N679K|S:P681H|S:N764K|S:D796Y|S:Q954H|S:N969K|synSNP:C25000T|synSNP:C25584T|ORF3a:T223I|E:T9I|M:D3N|M:Q19E|M:A63T|ORF6:V5I|synSNP:T27438C|N:P13L|synSNP:A28864T|N:R203K|N:G204R|N:S413R|ORF10:L37F"
"3","England/LSPA-3F339F2/2022",2022.57260273973,2022-07-29,"DERBYSHIRE","BA.5.1.2","orf1ab:S135R|orf1ab:T842I|synSNP:C3037T|orf1ab:G1307S|synSNP:C4321T|synSNP:T5491C|synSNP:T7900C|orf1ab:L3027F|synSNP:A9424G|orf1ab:T3090I|orf1ab:T3255I|synSNP:C10198T|synSNP:G10447A|orf1ab:P3395H|synSNP:G12160A|synSNP:C12880T|orf1ab:P4715L|synSNP:C15654T|synSNP:C15714T|orf1ab:R5716C|orf1ab:I5967V|orf1ab:T6564I|synSNP:A20055G|S:T19I|synSNP:T21889C|S:G142D|S:V213G|S:G339D|S:S371F|S:S373P|S:S375F|S:T376A|S:D405N|S:R408S|S:K417N|S:N440K|S:L452R|S:S477N|S:T478K|S:E484A|S:F486V|S:Q498R|S:N501Y|S:Y505H|S:D614G|S:H655Y|S:N679K|S:P681H|S:N764K|S:D796Y|S:Q954H|S:N969K|synSNP:C25000T|synSNP:C25584T|ORF3a:T223I|E:T9I|M:D3N|M:Q19E|M:A63T|ORF6:V5I|synSNP:T27438C|synSNP:G28079T|N:P13L|synSNP:A28864T|N:R203K|N:G204R|N:T271I|N:S413R|ORF10:L37F"
"4","England/LSPA-3F34CE9/2022",2022.57534246575,2022-07-30,"WIRRAL","BA.5.1.2","orf1ab:S135R|orf1ab:T842I|synSNP:C3037T|orf1ab:G1307S|synSNP:C4321T|orf1ab:L3027F|synSNP:A9424G|orf1ab:T3090I|orf1ab:T3255I|synSNP:C10198T|synSNP:G10447A|orf1ab:P3395H|synSNP:G12160A|synSNP:C12880T|orf1ab:P4715L|synSNP:C15654T|synSNP:C15714T|orf1ab:R5716C|orf1ab:I5967V|orf1ab:T6564I|synSNP:A20055G|S:T19I|S:G142D|S:V213G|S:G339D|S:S371F|S:S373P|S:S375F|S:T376A|S:D405N|S:R408S|S:K417N|S:N440K|S:L452R|S:S477N|S:T478K|S:E484A|S:F486V|S:Q498R|S:N501Y|S:Y505H|S:D614G|S:H655Y|S:N679K|S:P681H|S:N764K|S:D796Y|S:Q954H|S:N969K|synSNP:C25000T|synSNP:C25584T|ORF3a:T223I|E:T9I|M:D3N|M:Q19E|M:A63T|ORF6:V5I|synSNP:T27438C|N:P13L|synSNP:A28864T|N:R203K|N:G204R|N:S413R|ORF10:L37F"
"5","England/PHEP-YYFTUF5/2022",2022.56712328767,2022-07-27,"","Unassigned","orf1ab:S135R|synSNP:C3037T|orf1ab:G1307S|synSNP:C4321T|orf1ab:L3027F|synSNP:A9424G|orf1ab:T3090I|orf1ab:T3255I|synSNP:C10198T|synSNP:G10447A|orf1ab:P3395H|synSNP:G12160A|synSNP:C12880T|orf1ab:P4715L|synSNP:C15654T|synSNP:C15714T|orf1ab:R5716C|orf1ab:I5967V|S:T19I|S:G142D|S:V213G|S:G339D|S:S371F|S:S373P|S:S375F|S:T376A|S:D405N|S:D614G|S:H655Y|S:N679K|S:P681H|S:N764K|S:D796Y|S:Q954H|S:N969K|synSNP:C25000T|synSNP:C25584T|ORF3a:T223I|E:T9I|M:D3N|M:Q19E|M:A63T|ORF6:V5I|synSNP:T27438C|N:P13L|synSNP:A28864T|N:R203K|N:G204R|N:S413R|ORF10:L37F"
"6","England/PHEC-YYGOYTS/2022",2022.56712328767,2022-07-27,"","BA.5.1.2","orf1ab:S135R|orf1ab:T842I|synSNP:C3037T|orf1ab:G1307S|synSNP:C4321T|orf1ab:L3027F|synSNP:A9424G|orf1ab:T3090I|orf1ab:T3255I|synSNP:C10198T|synSNP:G10447A|orf1ab:P3395H|synSNP:G12160A|synSNP:C12880T|orf1ab:P4715L|synSNP:C15654T|synSNP:C15714T|orf1ab:R5716C|orf1ab:I5967V|orf1ab:T6564I|synSNP:A20055G|S:T19I|S:G142D|S:V213G|S:G339D|S:S373P|S:S375F|S:T376A|S:D405N|S:K417N|S:N440K|S:L452R|S:S477N|S:T478K|S:E484A|S:F486V|S:Q498R|S:N501Y|S:Y505H|S:D614G|S:H655Y|S:N679K|S:P681H|S:N764K|S:D796Y|S:Q954H|S:N969K|synSNP:C25000T|ORF3a:G44R|synSNP:C25584T|ORF3a:T223I|E:T9I|M:D3N|M:Q19E|M:A63T|ORF6:V5I|synSNP:T27438C|N:P13L|synSNP:A28864T|N:R203K|N:G204R|N:S413R|ORF10:L37F"
"7","England/PHEC-YYGXZX8/2022",2022.5698630137,2022-07-28,"","Unassigned","orf1ab:S135R|orf1ab:T842I|synSNP:C3037T|orf1ab:G1307S|synSNP:C4321T|orf1ab:L3027F|synSNP:A9424G|orf1ab:T3090I|orf1ab:T3255I|synSNP:C10198T|synSNP:G10447A|orf1ab:P3395H|synSNP:G12160A|synSNP:C12880T|orf1ab:P4715L|synSNP:C15654T|synSNP:C15714T|orf1ab:R5716C|orf1ab:I5967V|orf1ab:T6175I|orf1ab:V6194L|orf1ab:T6564I|S:T19I|S:G142D|S:W152L|S:V213G|S:G339D|S:S371F|S:S373P|S:S375F|S:T376A|S:D405N|S:R408S|S:K417N|S:N440K|S:L452R|S:S477N|S:T478K|S:E484A|S:F486V|S:Q498R|S:N501Y|S:Y505H|S:D614G|S:H655Y|S:N679K|S:P681H|S:N764K|S:D796Y|S:Q954H|S:N969K|synSNP:C25000T|synSNP:C25584T|ORF3a:T223I|E:T9I|E:K53Q|M:D3N|M:Q19E|M:A63T|ORF6:V5I|synSNP:T27438C|N:P13L|synSNP:A28864T|N:R203K|N:G204R|N:S413R|ORF10:L37F"
"8","England/PHEP-YYFTC6X/2022",2022.56712328767,2022-07-27,"","BA.5.1.2","orf1ab:S135R|orf1ab:T842I|synSNP:C3037T|orf1ab:G1307S|synSNP:C4321T|synSNP:T4579A|orf1ab:L3027F|synSNP:A9424G|orf1ab:T3090I|orf1ab:T3255I|synSNP:C10198T|synSNP:G10447A|orf1ab:P3395H|synSNP:G12160A|synSNP:C12880T|orf1ab:P4715L|synSNP:C15654T|synSNP:C15714T|orf1ab:R5716C|orf1ab:I5967V|orf1ab:T6564I|synSNP:A20055G|S:T19I|S:G142D|S:V213G|S:G339D|S:S371F|S:S373P|S:S375F|S:T376A|S:D405N|S:R408S|S:K417N|S:N440K|S:L452R|S:S477N|S:T478K|S:E484A|S:F486V|S:Q498R|S:N501Y|S:Y505H|S:D614G|S:H655Y|S:N679K|S:P681H|S:N764K|S:D796Y|S:Q954H|S:N969K|synSNP:C25000T|synSNP:C25584T|ORF3a:T223I|E:T9I|M:D3N|M:Q19E|M:A63T|ORF6:V5I|synSNP:T27438C|N:P13L|synSNP:A28864T|N:R203K|N:G204R|N:S413R|ORF10:L37F"
"9","England/PHEP-YYFTJ9O/2022",2022.5698630137,2022-07-28,"","BA.5.1.2","orf1ab:S135R|orf1ab:T842I|synSNP:C3037T|orf1ab:G1307S|synSNP:C4321T|orf1ab:L3027F|synSNP:A9424G|orf1ab:T3090I|orf1ab:T3255I|synSNP:C10198T|synSNP:G10447A|orf1ab:P3395H|synSNP:G12160A|synSNP:C12880T|orf1ab:P4715L|synSNP:C15654T|synSNP:C15714T|orf1ab:R5716C|orf1ab:I5967V|orf1ab:T6564I|synSNP:A20055G|S:T19I|S:G142D|S:V213G|S:G339D|S:S371F|S:S373P|S:S375F|S:T376A|S:D405N|S:R408S|S:K417N|S:N440K|S:L452R|S:S477N|S:T478K|S:E484A|S:F486V|S:Q498R|S:N501Y|S:Y505H|S:D614G|S:H655Y|S:N679K|S:P681H|S:N764K|S:D796Y|S:Q954H|S:N969K|synSNP:C25000T|synSNP:C25584T|ORF3a:T223I|E:T9I|M:D3N|M:Q19E|M:A63T|ORF6:V5I|synSNP:T27438C|N:P13L|synSNP:A28864T|N:R203K|N:G204R|N:S413R|ORF10:L37F"
"10","England/PHEC-YYGPSKS/2022",2022.56438356164,2022-07-26,"","BA.5.1.2","orf1ab:S135R|orf1ab:T842I|synSNP:C3037T|orf1ab:S1221P|orf1ab:G1307S|synSNP:C4321T|orf1ab:L3027F|synSNP:A9424G|orf1ab:T3090I|orf1ab:T3255I|synSNP:C10198T|synSNP:G10447A|orf1ab:P3395H|synSNP:G12160A|synSNP:C12880T|orf1ab:P4715L|synSNP:C15654T|synSNP:C15714T|orf1ab:R5716C|orf1ab:I5967V|orf1ab:T6564I|S:T19I|S:G142D|S:G181V|S:V213G|S:G339D|S:S371F|S:S373P|S:S375F|S:T376A|S:D405N|S:K417N|S:N440K|S:L452R|S:S477N|S:T478K|S:E484A|S:F486V|S:Q498R|S:N501Y|S:Y505H|S:D614G|S:H655Y|S:N679K|S:P681H|S:N764K|S:D796Y|S:Q954H|S:N969K|synSNP:C25000T|S:C1250Y|synSNP:C25584T|ORF3a:T223I|E:T9I|M:D3N|M:Q19E|synSNP:C26681T|M:A63T|ORF6:V5I|synSNP:T27438C|N:P13L|synSNP:A28864T|N:R203K|N:G204R|N:S413R|ORF10:L37F"
"11","England/PHEC-YYGP9JX/2022",2022.56438356164,2022-07-26,"","BA.5.1.2","orf1ab:S135R|orf1ab:P309S|orf1ab:T842I|synSNP:C3037T|orf1ab:G1307S|synSNP:C4321T|orf1ab:L3027F|synSNP:A9424G|orf1ab:T3090I|orf1ab:T3255I|synSNP:C10198T|synSNP:G10447A|orf1ab:P3395H|synSNP:G12160A|synSNP:C12880T|orf1ab:P4715L|synSNP:C15654T|synSNP:C15714T|orf1ab:R5716C|orf1ab:I5967V|orf1ab:T6564I|synSNP:A20055G|orf1ab:A6832V|S:T19I|S:G142D|S:V213G|S:G339D|S:S373P|S:S375F|S:T376A|S:D405N|S:R408S|S:K417N|S:N440K|S:L452R|S:S477N|S:T478K|S:E484A|S:F486V|S:Q498R|S:N501Y|S:Y505H|S:D614G|S:H655Y|S:N679K|S:P681H|S:N764K|S:D796Y|S:Q954H|S:N969K|synSNP:C25000T|synSNP:C25584T|ORF3a:T223I|E:T9I|M:D3N|M:Q19E|M:A63T|ORF6:V5I|synSNP:T27438C|N:P13L|synSNP:A28864T|N:R203K|N:G204R|N:T205I|N:S413R|ORF10:L37F"
"12","England/PHEP-YYFOA6F/2022",2022.55342465753,2022-07-22,"","BA.5.1.2","orf1ab:S135R|orf1ab:T842I|synSNP:C3037T|orf1ab:G1307S|synSNP:C4321T|orf1ab:L3027F|synSNP:A9424G|orf1ab:T3090I|orf1ab:T3255I|synSNP:C10198T|synSNP:G10447A|orf1ab:P3395H|synSNP:G12160A|synSNP:C12880T|orf1ab:P4715L|synSNP:C15654T|synSNP:C15714T|orf1ab:R5716C|orf1ab:I5967V|orf1ab:T6564I|synSNP:A20055G|S:T19I|S:G142D|S:V213G|S:G339D|S:S371F|S:S373P|S:S375F|S:T376A|S:D405N|S:R408S|S:K417N|S:N440K|S:L452R|S:S477N|S:T478K|S:E484A|S:F486V|S:Q498R|S:N501Y|S:Y505H|S:D614G|S:H655Y|S:N679K|S:P681H|S:N764K|S:D796Y|S:Q954H|S:N969K|synSNP:C25000T|synSNP:C25584T|ORF3a:T223I|E:T9I|M:D3N|M:Q19E|M:A63T|ORF6:V5I|synSNP:T27438C|N:P13L|synSNP:A28864T|N:R203K|N:G204R|N:S413R|ORF10:L37F"
"13","England/PHEC-YYGPD8X/2022",2022.55068493151,2022-07-21,"","BA.5.1.2","orf1ab:S135R|orf1ab:T842I|synSNP:C3037T|orf1ab:G1307S|synSNP:C4321T|orf1ab:L3027F|synSNP:A9424G|orf1ab:T3090I|orf1ab:T3255I|synSNP:C10198T|synSNP:G10447A|orf1ab:P3395H|synSNP:G12160A|synSNP:C12880T|orf1ab:P4715L|synSNP:C15654T|synSNP:C15714T|orf1ab:R5716C|orf1ab:I5967V|orf1ab:T6175I|orf1ab:T6564I|synSNP:A20055G|S:T19I|S:G142D|S:V213G|S:G339D|S:S371F|S:S373P|S:S375F|S:T376A|S:D405N|S:K417N|S:N440K|S:L452R|S:S477N|S:T478K|S:E484A|S:F486V|S:Q498R|S:N501Y|S:Y505H|S:D614G|S:H655Y|S:N679K|S:P681H|S:N764K|S:D796Y|S:Q954H|S:N969K|synSNP:C25000T|synSNP:C25584T|ORF3a:T223I|E:T9I|M:D3N|M:Q19E|M:A63T|ORF6:V5I|synSNP:T27438C|N:P13L|synSNP:A28864T|N:R203K|N:G204R|N:S413R|ORF10:L37F"
"14","England/DHSC-CYNZTSF/2022",2022.55890410959,2022-07-24,"OXFORDSHIRE","BA.5.1.2","orf1ab:S135R|synSNP:C1102T|orf1ab:T842I|synSNP:C3037T|orf1ab:G1307S|synSNP:C4321T|synSNP:T7900C|orf1ab:L3027F|synSNP:A9424G|orf1ab:T3090I|orf1ab:T3255I|synSNP:C10198T|synSNP:G10447A|orf1ab:P3395H|synSNP:G12160A|synSNP:C12880T|orf1ab:P4715L|synSNP:C15654T|synSNP:C15714T|orf1ab:R5716C|orf1ab:I5967V|orf1ab:T6564I|synSNP:A20055G|S:T19I|S:G142D|S:V213G|S:G339D|S:S371F|S:S373P|S:S375F|S:T376A|S:D405N|S:R408S|S:K417N|S:N440K|S:L452R|S:S477N|S:T478K|S:E484A|S:F486V|S:Q498R|S:N501Y|S:Y505H|S:D614G|S:H655Y|S:N679K|S:P681H|S:N764K|S:D796Y|S:Q954H|S:N969K|synSNP:C25000T|synSNP:C25584T|ORF3a:T223I|E:T9I|M:D3N|M:Q19E|M:A63T|ORF6:V5I|N:P13L|synSNP:A28864T|N:R203K|N:G204R|N:S413R|ORF10:L37F"
"15","Wales/QEUH-3EFAB10/2022",2022.54246575342,2022-07-18,"VALE_OF_GLAMORGAN","BA.5.1.2","orf1ab:S135R|orf1ab:T842I|synSNP:C3037T|orf1ab:G1307S|synSNP:C4321T|orf1ab:L3027F|synSNP:A9424G|orf1ab:T3090I|orf1ab:T3255I|synSNP:C10198T|synSNP:G10447A|orf1ab:P3395H|synSNP:G12160A|synSNP:C12880T|orf1ab:P4715L|synSNP:C15654T|synSNP:C15714T|orf1ab:R5716C|orf1ab:I5967V|orf1ab:T6564I|synSNP:A20055G|S:T19I|S:G142D|S:V213G|S:G339D|S:S371F|S:S373P|S:S375F|S:T376A|S:D405N|S:R408S|S:K417N|S:N440K|S:L452R|S:S477N|S:T478K|S:E484A|S:F486V|S:Q498R|S:N501Y|S:Y505H|S:D614G|S:H655Y|S:N679K|S:P681H|S:N764K|S:D796Y|S:Q954H|S:N969K|synSNP:C25000T|S:C1250Y|synSNP:C25584T|ORF3a:T223I|E:T9I|M:D3N|M:Q19E|M:A63T|ORF6:V5I|synSNP:T27438C|N:P13L|synSNP:A28864T|N:R203K|N:G204R|N:S413R|ORF10:L37F"
"16","England/PHEC-YYGEZP3/2022",2022.5397260274,2022-07-17,"","Unassigned","orf1ab:S135R|orf1ab:T842I|synSNP:C3037T|orf1ab:G1307S|synSNP:C4321T|orf1ab:L3027F|synSNP:A9424G|orf1ab:T3090I|orf1ab:T3255I|synSNP:C10198T|synSNP:G10447A|orf1ab:P3395H|synSNP:G12160A|synSNP:C12880T|orf1ab:P4715L|synSNP:C15654T|synSNP:C15714T|orf1ab:R5716C|orf1ab:I5967V|S:T19I|S:G142D|S:V213G|S:G339D|S:S371F|S:S373P|S:S375F|S:T376A|S:D405N|S:R408S|S:K417N|S:N440K|S:L452R|S:S477N|S:T478K|S:E484A|S:F486V|S:Q498R|S:N501Y|S:Y505H|S:D614G|S:H655Y|S:N679K|S:P681H|S:N764K|S:D796Y|S:Q954H|S:N969K|synSNP:C25000T|synSNP:C25584T|ORF3a:T223I|E:T9I|M:D3N|M:Q19E|M:A63T|ORF6:V5I|synSNP:T27438C|N:P13L|synSNP:A28864T|N:R203K|N:G204R|N:S413R|ORF10:L37F"
"17","England/QEUH-3EF7885/2022",2022.54246575342,2022-07-18,"DERBYSHIRE","Unassigned","orf1ab:S135R|orf1ab:T842I|synSNP:C3037T|orf1ab:G1307S|synSNP:C4321T|orf1ab:L3027F|synSNP:A9424G|orf1ab:T3090I|orf1ab:T3255I|synSNP:C10198T|synSNP:G10447A|orf1ab:P3395H|synSNP:G12160A|synSNP:C12880T|orf1ab:P4715L|synSNP:C15654T|synSNP:C15714T|orf1ab:R5716C|orf1ab:I5967V|orf1ab:T6175I|S:T19I|S:G142D|S:V213G|S:G339D|S:S371F|S:S373P|S:S375F|S:T376A|S:D405N|S:R408S|S:K417N|S:N440K|S:L452R|S:S477N|S:T478K|S:E484A|S:F486V|S:Q498R|S:N501Y|S:Y505H|S:D614G|S:H655Y|S:N679K|S:P681H|S:N764K|S:D796Y|S:Q954H|S:N969K|synSNP:C25000T|synSNP:C25584T|ORF3a:G187C|ORF3a:T223I|E:T9I|M:D3N|M:Q19E|M:A63T|ORF6:V5I|synSNP:T27438C|ORF8:A65V|N:P13L|synSNP:A28864T|N:R203K|N:G204R|N:S413R|ORF10:L37F"
"18","England/QEUH-3EF7A25/2022",2022.5397260274,2022-07-17,"SALFORD","BA.5.1.2","orf1ab:S135R|orf1ab:T842I|synSNP:C3037T|orf1ab:G1307S|synSNP:C4321T|orf1ab:L3027F|synSNP:A9424G|orf1ab:T3090I|orf1ab:T3255I|synSNP:C10198T|synSNP:G10447A|orf1ab:P3395H|synSNP:G12160A|synSNP:C12880T|orf1ab:P4715L|synSNP:C15654T|synSNP:C15714T|orf1ab:R5716C|orf1ab:I5967V|orf1ab:T6175I|orf1ab:T6564I|synSNP:A20055G|S:T19I|S:G142D|S:V213G|S:G339D|S:S371F|S:S373P|S:S375F|S:T376A|S:D405N|S:R408S|S:K417N|S:N440K|S:L452R|S:S477N|S:T478K|S:E484A|S:F486V|S:Q498R|S:N501Y|S:Y505H|S:D614G|S:H655Y|S:N679K|S:P681H|S:N764K|S:D796Y|S:Q954H|S:N969K|synSNP:C25000T|synSNP:C25584T|ORF3a:T223I|E:T9I|M:D3N|M:Q19E|M:A63T|ORF6:V5I|synSNP:T27438C|N:P13L|synSNP:A28864T|N:R203K|N:G204R|N:S413R|ORF10:L37F"
"19","England/LSPA-3EF765E/2022",2022.54520547945,2022-07-19,"SOUTH_TYNESIDE|NORTH_TYNESIDE|DURHAM","BA.5.1.2","orf1ab:S135R|orf1ab:T842I|synSNP:C3037T|orf1ab:G1307S|synSNP:C4321T|orf1ab:L3027F|synSNP:A9424G|orf1ab:T3090I|orf1ab:T3255I|synSNP:C10198T|synSNP:G10447A|orf1ab:P3395H|synSNP:G12160A|synSNP:C12880T|orf1ab:P4715L|synSNP:C15654T|synSNP:C15714T|orf1ab:R5716C|orf1ab:I5967V|orf1ab:T6564I|synSNP:A20055G|S:T19I|S:G142D|S:V213G|S:G339D|S:S371F|S:S373P|S:S375F|S:T376A|S:D405N|S:R408S|S:K417N|S:N440K|S:L452R|S:S477N|S:T478K|S:E484A|S:F486V|S:Q498R|S:N501Y|S:Y505H|S:D614G|S:H655Y|S:N679K|S:P681H|S:N764K|S:D796Y|S:Q954H|S:N969K|synSNP:C25000T|S:K1157N|synSNP:C25584T|ORF3a:T223I|E:T9I|M:D3N|M:Q19E|M:A63T|ORF6:V5I|synSNP:T27438C|N:P13L|synSNP:A28864T|N:R203K|N:G204R|N:S413R|ORF10:L37F"
"20","England/PLYM-3EF6288/2022",2022.54246575342,2022-07-18,"GLOUCESTERSHIRE","BA.5.1.2","orf1ab:S135R|orf1ab:T842I|synSNP:C3037T|orf1ab:G1307S|synSNP:C4321T|orf1ab:T1605I|orf1ab:L3027F|synSNP:A9424G|orf1ab:T3090I|orf1ab:T3255I|synSNP:C10198T|synSNP:G10447A|orf1ab:P3395H|synSNP:G12160A|synSNP:C12880T|orf1ab:P4715L|synSNP:C15654T|synSNP:C15714T|orf1ab:R5716C|orf1ab:I5967V|orf1ab:T6564I|synSNP:A20055G|orf1ab:A6832V|S:T19I|S:G142D|S:V213G|S:G339D|S:S371F|S:S373P|S:S375F|S:T376A|S:D405N|S:R408S|S:K417N|S:N440K|S:L452R|S:S477N|S:T478K|S:E484A|S:F486V|S:Q498R|S:N501Y|S:Y505H|S:D614G|S:H655Y|S:N679K|S:P681H|S:N764K|S:D796Y|S:Q954H|S:N969K|synSNP:C25000T|synSNP:C25584T|ORF3a:T223I|E:T9I|M:D3N|M:Q19E|M:A63T|ORF6:V5I|synSNP:T27438C|N:P13L|synSNP:A28864T|N:R203K|N:G204R|N:S413R|ORF10:L37F"
"21","England/PLYM-3EF82B3/2022",2022.53698630137,2022-07-16,"LINCOLNSHIRE","BA.5.1.2","orf1ab:S135R|orf1ab:T842I|synSNP:C3037T|orf1ab:G1307S|synSNP:C4321T|orf1ab:L3027F|synSNP:A9424G|orf1ab:T3090I|orf1ab:T3255I|synSNP:C10198T|synSNP:G10447A|orf1ab:P3395H|synSNP:G12160A|synSNP:C12880T|orf1ab:P4715L|synSNP:C15654T|synSNP:C15714T|orf1ab:R5716C|orf1ab:I5967V|orf1ab:T6564I|S:T19I|S:G142D|S:V213G|S:G339D|S:S371F|S:S373P|S:S375F|S:T376A|S:D405N|S:R408S|S:K417N|S:N440K|S:L452R|S:S477N|S:T478K|S:E484A|S:F486V|S:Q498R|S:N501Y|S:Y505H|S:D614G|S:H655Y|S:N679K|S:P681H|S:N764K|S:D796Y|S:Q954H|S:N969K|synSNP:C25000T|synSNP:C25584T|ORF3a:T223I|E:T9I|M:D3N|M:Q19E|M:A63T|ORF6:V5I|synSNP:T27438C|N:P13L|synSNP:A28864T|N:R203K|N:G204R|N:S413R|ORF10:L37F"
"22","England/LSPA-3EF91A6/2022",2022.54246575342,2022-07-18,"DURHAM","Unassigned","orf1ab:S135R|orf1ab:T842I|synSNP:C3037T|orf1ab:G1307S|synSNP:C4321T|orf1ab:L3027F|synSNP:A9424G|orf1ab:T3090I|orf1ab:T3255I|synSNP:C10198T|synSNP:G10447A|orf1ab:P3395H|synSNP:G12160A|synSNP:C12880T|orf1ab:P4715L|synSNP:C15654T|synSNP:C15714T|orf1ab:R5716C|orf1ab:I5967V|S:T19I|S:G142D|S:V213G|S:G339D|S:S371F|S:S373P|S:S375F|S:T376A|S:D405N|S:R408S|S:K417N|S:N440K|S:L452R|S:S477N|S:T478K|S:E484A|S:F486V|S:Q498R|S:N501Y|S:Y505H|S:D614G|S:H655Y|S:N679K|S:P681H|S:N764K|S:D796Y|S:Q954H|S:N969K|synSNP:C25000T|synSNP:C25584T|ORF3a:T223I|E:T9I|M:D3N|M:Q19E|M:A63T|ORF6:V5I|synSNP:T27438C|N:P13L|synSNP:A28864T|N:R203K|N:G204R|N:S413R|ORF10:L37F"
"23","England/PHEC-YYGKBR7/2022",2022.53150684932,2022-07-14,"","BA.5.1.2","orf1ab:S135R|orf1ab:T842I|synSNP:C3037T|orf1ab:G1307S|synSNP:C4321T|orf1ab:L3027F|synSNP:A9424G|orf1ab:T3090I|orf1ab:T3255I|synSNP:C10198T|synSNP:G10447A|orf1ab:P3395H|synSNP:G12160A|synSNP:C12880T|orf1ab:P4715L|synSNP:C15654T|synSNP:C15714T|orf1ab:R5716C|orf1ab:I5967V|orf1ab:T6564I|synSNP:A20055G|S:L5F|S:T19I|S:G142D|S:V213G|S:G339D|S:S371F|S:S373P|S:S375F|S:T376A|S:D405N|S:R408S|S:K417N|S:N440K|S:L452R|S:S477N|S:T478K|S:E484A|S:F486V|S:Q498R|S:N501Y|S:Y505H|S:T547I|S:D614G|S:H655Y|S:N679K|S:P681H|S:N764K|S:D796Y|S:Q954H|S:N969K|synSNP:C25000T|synSNP:C25584T|ORF3a:T223I|E:T9I|M:D3N|M:Q19E|M:A63T|ORF6:V5I|synSNP:T27438C|N:P13L|synSNP:A28864T|N:R203K|N:G204R|N:S413R|ORF10:L37F"
"24","England/PHEP-YYFX4GZ/2022",2022.54246575342,2022-07-18,"","BA.5.1.2","orf1ab:S135R|orf1ab:T842I|synSNP:C3037T|orf1ab:G1307S|synSNP:C4321T|orf1ab:L3027F|synSNP:A9424G|orf1ab:T3090I|synSNP:C9943T|orf1ab:T3255I|synSNP:C10198T|synSNP:G10447A|orf1ab:P3395H|synSNP:G12160A|synSNP:C12880T|orf1ab:P4715L|orf1ab:V4797F|synSNP:C15324T|synSNP:C15654T|synSNP:C15714T|orf1ab:R5716C|orf1ab:I5967V|orf1ab:S6375I|orf1ab:T6564I|synSNP:A20055G|S:T19I|S:G142D|S:V213G|S:G339D|S:S371F|S:S373P|S:S375F|S:T376A|S:D405N|S:R408S|S:K417N|S:N440K|S:L452R|S:S477N|S:T478K|S:E484A|S:F486V|S:Q498R|S:N501Y|S:Y505H|S:D614G|S:H655Y|S:N679K|S:P681H|S:N764K|S:D796Y|S:Q954H|S:N969K|synSNP:C25000T|synSNP:C25584T|ORF3a:T223I|E:T9I|M:D3N|M:Q19E|M:A63T|ORF6:V5I|synSNP:T27438C|N:P13L|synSNP:A28864T|N:R203K|N:G204R|N:S413R|ORF10:L37F"
"25","Wales/PHWC-PKBTOE/2022",2022.52328767123,2022-07-11,"CONWY","BA.5.1.2","orf1ab:S135R|orf1ab:T842I|synSNP:C3037T|orf1ab:G1307S|synSNP:C4321T|orf1ab:L3027F|synSNP:A9424G|orf1ab:T3090I|orf1ab:T3255I|synSNP:C10198T|synSNP:G10447A|orf1ab:P3395H|synSNP:G12160A|synSNP:C12880T|orf1ab:P4715L|synSNP:C15654T|synSNP:C15714T|orf1ab:R5716C|orf1ab:I5967V|orf1ab:T6564I|synSNP:A20055G|S:T19I|S:G142D|S:V213G|S:G339D|S:S371F|S:S373P|S:S375F|S:T376A|S:D405N|S:R408S|S:K417N|S:N440K|S:L452R|S:S477N|S:T478K|S:E484A|S:F486V|S:Q498R|S:N501Y|S:Y505H|S:D614G|S:H655Y|S:N679K|S:P681H|S:N764K|S:D796Y|S:Q954H|S:N969K|synSNP:C25000T|S:C1250Y|synSNP:C25584T|ORF3a:T223I|E:T9I|M:D3N|M:A63T|ORF6:V5I|synSNP:T27438C|N:P13L|synSNP:A28864T|N:R203K|N:G204R|N:S413R|ORF10:L37F"
"26","Wales/PHWC-PKBHFW/2022",2022.5397260274,2022-07-17,"RHONDDA_CYNON_TAFF","BA.5.1.2","orf1ab:S135R|orf1ab:T842I|synSNP:C3037T|orf1ab:G1307S|synSNP:C4321T|orf1ab:T1605I|orf1ab:L3027F|synSNP:A9424G|orf1ab:T3090I|orf1ab:T3255I|synSNP:C10198T|synSNP:G10447A|orf1ab:P3395H|synSNP:G12160A|synSNP:C12880T|orf1ab:P4715L|synSNP:C15654T|synSNP:C15714T|orf1ab:R5716C|orf1ab:I5967V|orf1ab:T6564I|synSNP:A20055G|orf1ab:A6832V|S:T19I|S:G142D|S:V213G|S:G339D|S:S371F|S:S373P|S:S375F|S:T376A|S:D405N|S:R408S|S:K417N|S:N440K|S:L452R|S:S477N|S:T478K|S:E484A|S:F486V|S:Q498R|S:N501Y|S:Y505H|S:D614G|S:H655Y|S:N679K|S:P681H|S:N764K|S:D796Y|S:Q954H|S:N969K|synSNP:C25000T|synSNP:C25584T|ORF3a:T223I|E:T9I|M:D3N|M:Q19E|M:A63T|ORF6:V5I|synSNP:T27438C|N:P13L|synSNP:A28864T|N:R203K|N:G204R|N:S413R|ORF10:L37F"
"27","England/PHEC-YYG8O5F/2022",2022.5397260274,2022-07-17,"","BA.5.1.2","orf1ab:S135R|orf1ab:T842I|synSNP:C3037T|orf1ab:G1307S|synSNP:C4321T|orf1ab:L3027F|synSNP:A9424G|orf1ab:T3090I|orf1ab:T3255I|synSNP:C10198T|synSNP:G10447A|orf1ab:P3395H|synSNP:G12160A|synSNP:C12880T|orf1ab:P4715L|synSNP:C15654T|synSNP:C15714T|orf1ab:R5716C|orf1ab:I5967V|orf1ab:T6564I|synSNP:A20055G|S:T19I|S:G142D|S:V213G|S:G339D|S:S371F|S:S373P|S:S375F|S:T376A|S:D405N|S:R408S|S:K417N|S:N440K|S:L452R|S:S477N|S:T478K|S:E484A|S:F486V|S:Q498R|S:N501Y|S:Y505H|S:D614G|S:H655Y|S:N679K|S:P681H|S:N764K|S:D796Y|S:Q954H|S:N969K|synSNP:C25000T|synSNP:C25584T|ORF3a:T223I|E:T9I|M:D3N|M:Q19E|M:A63T|ORF6:V5I|synSNP:T27438C|N:P13L|synSNP:A28864T|N:R203K|N:G204R|N:S413R|ORF10:L37F"
"28","England/PHEC-YYG8O48/2022",2022.5397260274,2022-07-17,"","BA.5.1.2","orf1ab:S135R|orf1ab:T842I|synSNP:C3037T|orf1ab:G1307S|synSNP:C4321T|orf1ab:L3027F|synSNP:A9424G|orf1ab:T3090I|orf1ab:T3255I|synSNP:C10198T|synSNP:G10447A|orf1ab:P3395H|synSNP:G12160A|synSNP:C12880T|orf1ab:P4715L|synSNP:C15654T|synSNP:C15714T|orf1ab:R5716C|orf1ab:I5967V|orf1ab:T6564I|synSNP:A20055G|S:T19I|S:G142D|S:V213G|S:G339D|S:S371F|S:S373P|S:S375F|S:T376A|S:D405N|S:R408S|S:K417N|S:N440K|S:L452R|S:S477N|S:T478K|S:E484A|S:F486V|S:Q498R|S:N501Y|S:Y505H|S:D614G|S:H655Y|S:N679K|S:P681H|S:N764K|S:D796Y|S:Q954H|S:N969K|synSNP:C25000T|synSNP:C25584T|ORF3a:T223I|E:T9I|M:D3N|M:Q19E|M:A63T|ORF6:V5I|synSNP:T27438C|N:P13L|synSNP:A28864T|N:R203K|N:G204R|N:S413R|ORF10:L37F"
"29","England/PHEP-YYFXPW8/2022",2022.54246575342,2022-07-18,"","BA.5.1.2","orf1ab:S135R|orf1ab:T842I|orf1ab:P885S|synSNP:C3037T|orf1ab:G1307S|synSNP:C4321T|synSNP:A7201G|orf1ab:L3027F|synSNP:A9424G|orf1ab:T3090I|orf1ab:T3255I|synSNP:C10198T|synSNP:G10447A|orf1ab:P3395H|synSNP:G12160A|synSNP:C12880T|orf1ab:P4715L|synSNP:C15654T|synSNP:C15714T|orf1ab:R5716C|orf1ab:I5967V|orf1ab:T6564I|synSNP:A20055G|S:T19I|S:G142D|S:V213G|S:G339D|S:S371F|S:S373P|S:S375F|S:T376A|S:D405N|S:R408S|S:K417N|S:N440K|S:L452R|S:S477N|S:T478K|S:E484A|S:F486V|S:Q498R|S:N501Y|S:Y505H|S:D614G|S:H655Y|S:N679K|S:P681H|S:N764K|S:D796Y|S:Q954H|S:N969K|synSNP:C25000T|S:C1250Y|synSNP:C25584T|ORF3a:T223I|E:T9I|M:D3N|M:Q19E|M:A63T|ORF6:V5I|synSNP:T27438C|N:P13L|synSNP:A28864T|N:R203K|N:G204R|N:S413R|ORF10:L37F"
"30","England/PHEC-YYGFX3Q/2022",2022.52876712329,2022-07-13,"","Unassigned","orf1ab:S135R|orf1ab:T842I|synSNP:C3037T|orf1ab:G1307S|synSNP:C4321T|orf1ab:L3027F|synSNP:A9424G|orf1ab:T3090I|orf1ab:T3255I|synSNP:C10198T|synSNP:G10447A|orf1ab:P3395H|synSNP:G12160A|synSNP:C12880T|orf1ab:P4715L|synSNP:C15654T|synSNP:C15714T|orf1ab:R5716C|orf1ab:I5967V|S:T19I|S:G142D|S:V213G|S:D405N|S:R408S|S:K417N|S:N440K|S:L452R|S:S477N|S:T478K|S:E484A|S:F486V|S:Q498R|S:N501Y|S:Y505H|S:D614G|S:H655Y|S:N679K|S:P681H|S:N764K|S:D796Y|S:Q954H|S:N969K|synSNP:C25000T|synSNP:C25584T|ORF3a:T223I|E:T9I|M:D3N|M:Q19E|M:A63T|ORF6:V5I|synSNP:T27438C|N:P13L|synSNP:A28864T|N:R203K|N:G204R|N:S413R|ORF10:L37F"
"31","England/PHEC-YYGFZNI/2022",2022.52876712329,2022-07-13,"","BA.5.1.2","orf1ab:S135R|orf1ab:P748S|orf1ab:T842I|synSNP:C3037T|orf1ab:G1307S|synSNP:C4321T|orf1ab:L3027F|synSNP:A9424G|orf1ab:T3090I|orf1ab:T3255I|synSNP:C10198T|synSNP:G10447A|orf1ab:P3395H|synSNP:G12160A|synSNP:C12880T|orf1ab:P4715L|synSNP:C15654T|synSNP:C15714T|orf1ab:R5716C|orf1ab:I5967V|orf1ab:T6564I|synSNP:A20055G|S:T19I|S:G142D|S:V213G|S:G339D|S:S371F|S:S373P|S:S375F|S:T376A|S:D405N|S:K417N|S:N440K|S:L452R|S:S477N|S:T478K|S:E484A|S:F486V|S:Q498R|S:N501Y|S:Y505H|S:D614G|S:H655Y|S:N679K|S:P681H|S:N764K|S:D796Y|S:Q954H|S:N969K|synSNP:C25000T|synSNP:C25584T|ORF3a:T223I|E:T9I|M:D3N|M:Q19E|M:A63T|ORF6:V5I|synSNP:T27438C|N:P13L|synSNP:A28864T|N:R203K|N:G204R|N:S413R|ORF10:L37F"
"32","England/PHEP-YYFQMP4/2022",2022.52602739726,2022-07-12,"","BA.5.1.2","orf1ab:S135R|orf1ab:T842I|synSNP:C3037T|orf1ab:G1307S|synSNP:C4321T|orf1ab:L3027F|synSNP:A9424G|orf1ab:T3090I|orf1ab:T3255I|synSNP:C10198T|synSNP:G10447A|orf1ab:P3395H|synSNP:G12160A|synSNP:C12880T|orf1ab:P4715L|synSNP:C15654T|synSNP:C15714T|orf1ab:R5716C|orf1ab:I5967V|orf1ab:T6564I|synSNP:A20055G|S:T19I|S:G142D|S:V213G|S:G339D|S:S371F|S:S373P|S:S375F|S:T376A|S:D405N|S:S477N|S:T478K|S:E484A|S:F486V|S:Q498R|S:N501Y|S:Y505H|S:D614G|S:H655Y|S:N679K|S:P681H|S:N764K|S:D796Y|S:Q954H|S:N969K|synSNP:C25000T|synSNP:C25584T|ORF3a:T223I|E:T9I|M:D3N|M:Q19E|M:A63T|ORF6:V5I|synSNP:T27438C|N:P13L|synSNP:A28864T|N:R203K|N:G204R|N:S413R|ORF10:L37F"
"33","England/PHEC-YYGJGOB/2022",2022.52876712329,2022-07-13,"","BA.5.1.2","orf1ab:S135R|orf1ab:T842I|synSNP:C3037T|orf1ab:G1307S|synSNP:C4321T|orf1ab:L3027F|synSNP:A9424G|orf1ab:T3090I|orf1ab:T3255I|synSNP:C10198T|orf1ab:P3371S|synSNP:G10447A|orf1ab:P3395H|synSNP:G12160A|synSNP:C12880T|orf1ab:P4715L|synSNP:C15324T|synSNP:C15654T|synSNP:C15714T|orf1ab:R5716C|orf1ab:I5967V|orf1ab:T6564I|synSNP:A20055G|S:T19I|S:G142D|S:V213G|S:G339D|S:S371F|S:S373P|S:S375F|S:T376A|S:D405N|S:K417N|S:N440K|S:L452R|S:S477N|S:T478K|S:E484A|S:F486V|S:Q498R|S:N501Y|S:Y505H|S:D614G|S:H655Y|S:N679K|S:P681H|S:N764K|S:D796Y|S:Q954H|S:N969K|synSNP:C25000T|synSNP:C25584T|ORF3a:T223I|E:T9I|M:D3N|M:A63T|ORF6:V5I|synSNP:T27438C|N:P13L|synSNP:A28864T|N:R203K|N:G204R|N:S413R|ORF10:L37F"
"34","Wales/PHWC-PKBY67/2022",2022.52602739726,2022-07-12,"CAERPHILLY","BA.5.1.2","orf1ab:S135R|orf1ab:T842I|synSNP:C3037T|orf1ab:G1307S|synSNP:C4321T|orf1ab:L3027F|synSNP:A9424G|orf1ab:T3090I|orf1ab:T3255I|synSNP:C10198T|synSNP:G10447A|orf1ab:P3395H|synSNP:G12160A|synSNP:C12880T|synSNP:G14055T|orf1ab:P4715L|synSNP:C15654T|synSNP:C15714T|orf1ab:R5716C|orf1ab:I5967V|orf1ab:T6564I|synSNP:A20055G|S:T19I|S:G142D|S:V213G|S:G339D|S:S371F|S:S373P|S:S375F|S:T376A|S:D405N|S:R408S|S:K417N|S:N440K|S:L452R|S:S477N|S:T478K|S:E484A|S:F486V|S:Q498R|S:N501Y|S:Y505H|S:D614G|S:H655Y|S:N679K|S:P681H|S:N764K|S:D796Y|S:Q954H|S:N969K|synSNP:C25000T|S:C1250Y|synSNP:C25584T|ORF3a:T223I|E:T9I|M:D3N|M:Q19E|M:A63T|ORF6:V5I|synSNP:T27438C|N:P13L|synSNP:A28864T|N:R203K|N:G204R|N:S413R|ORF10:L37F"
"35","Wales/PHWC-PKBG73/2022",2022.52054794521,2022-07-10,"ANGLESEY","BA.5.1.2","orf1ab:S135R|orf1ab:T842I|synSNP:C3037T|orf1ab:G1307S|synSNP:C4321T|orf1ab:L3027F|synSNP:A9424G|orf1ab:T3090I|orf1ab:T3255I|synSNP:C10198T|synSNP:G10447A|orf1ab:P3395H|synSNP:G12160A|synSNP:C12880T|orf1ab:P4715L|synSNP:C15654T|synSNP:C15714T|orf1ab:R5716C|orf1ab:I5967V|orf1ab:T6564I|synSNP:A20055G|S:T19I|S:G142D|S:V213G|S:G339D|S:S371F|S:S373P|S:S375F|S:T376A|S:D405N|S:R408S|S:K417N|S:N440K|S:L452R|S:S477N|S:T478K|S:E484A|S:F486V|S:Q498R|S:N501Y|S:Y505H|S:D614G|S:H655Y|S:N679K|S:P681H|S:N764K|S:D796Y|S:Q954H|S:N969K|synSNP:C25000T|S:C1250Y|synSNP:C25584T|ORF3a:T223I|E:T9I|M:D3N|M:Q19E|M:A63T|ORF6:V5I|synSNP:T27438C|N:P13L|synSNP:A28864T|N:R203K|N:G204R|N:T379I|N:S413R|ORF10:L37F"
"36","Wales/PHWC-PKBC5Z/2022",2022.52876712329,2022-07-13,"NEWPORT","BA.5.1.2","orf1ab:S135R|orf1ab:T842I|synSNP:C3037T|orf1ab:G1307S|synSNP:C4321T|orf1ab:L3027F|synSNP:A9424G|orf1ab:T3090I|orf1ab:T3255I|synSNP:C10198T|synSNP:G10447A|orf1ab:P3395H|synSNP:G12160A|synSNP:C12880T|orf1ab:P4715L|synSNP:C15654T|synSNP:C15714T|orf1ab:R5716C|orf1ab:I5967V|orf1ab:T6564I|synSNP:A20055G|S:T19I|S:G142D|S:V213G|S:G339D|S:S371F|S:S373P|S:S375F|S:T376A|S:D405N|S:R408S|S:K417N|S:N440K|S:L452R|S:S477N|S:T478K|S:E484A|S:F486V|S:Q498R|S:N501Y|S:Y505H|S:D614G|S:H655Y|S:N679K|S:P681H|S:N764K|S:D796Y|S:Q954H|S:N969K|synSNP:C25000T|S:C1250Y|synSNP:C25584T|ORF3a:T223I|E:T9I|M:D3N|M:Q19E|M:A63T|ORF6:V5I|synSNP:T27438C|N:P13L|synSNP:A28864T|N:R203K|N:G204R|N:S413R|ORF10:L37F"
"37","Wales/PHWC-PKBEDC/2022",2022.52328767123,2022-07-11,"SWANSEA","BA.5.1.2","orf1ab:S135R|orf1ab:T842I|synSNP:C3037T|orf1ab:G1307S|synSNP:C4321T|orf1ab:L3027F|synSNP:A9424G|orf1ab:T3090I|orf1ab:T3255I|synSNP:C10198T|synSNP:G10447A|orf1ab:P3395H|synSNP:G12160A|synSNP:C12880T|orf1ab:P4715L|synSNP:C15654T|synSNP:C15714T|orf1ab:R5716C|orf1ab:I5967V|orf1ab:T6564I|synSNP:A20055G|S:T19I|S:G142D|S:V213G|S:G339D|S:S371F|S:S373P|S:S375F|S:T376A|S:D405N|S:R408S|S:K417N|S:N440K|S:L452R|S:S477N|S:T478K|S:E484A|S:F486V|S:Q498R|S:N501Y|S:Y505H|S:D614G|S:H655Y|S:N679K|S:P681H|S:N764K|S:D796Y|S:Q954H|S:N969K|synSNP:C25000T|S:C1250Y|synSNP:C25584T|ORF3a:T223I|E:T9I|M:D3N|M:Q19E|M:A63T|ORF6:V5I|synSNP:T27438C|N:P13L|synSNP:A28864T|N:R203K|N:G204R|N:S413R|ORF10:L37F"
"38","Scotland/EDB67336/2022",2022.51232876712,2022-07-07,"SCOTTISH_BORDERS","BA.5.1.2","orf1ab:S135R|orf1ab:T842I|synSNP:C3037T|orf1ab:G1307S|synSNP:C4321T|orf1ab:L3027F|synSNP:A9424G|orf1ab:T3090I|orf1ab:T3255I|synSNP:C10198T|synSNP:G10447A|orf1ab:P3395H|synSNP:G12160A|synSNP:C12880T|orf1ab:P4715L|synSNP:C15654T|synSNP:C15714T|orf1ab:R5716C|orf1ab:I5967V|orf1ab:T6564I|synSNP:A20055G|S:T19I|S:G142D|S:V213G|S:G339D|S:S371F|S:S373P|S:S375F|S:T376A|S:D405N|S:R408S|S:K417N|S:N440K|S:L452R|S:S477N|S:T478K|S:E484A|S:F486V|S:Q498R|S:N501Y|S:Y505H|S:D614G|S:H655Y|S:N679K|S:P681H|S:N764K|S:D796Y|S:Q954H|S:N969K|synSNP:C25000T|synSNP:C25584T|ORF3a:T223I|E:T9I|M:D3N|M:Q19E|M:A63T|ORF6:V5I|synSNP:T27438C|N:P13L|synSNP:A28864T|N:R203K|N:G204R|N:S413R|ORF10:L37F"
"39","England/PLYM-3EE4223/2022",2022.52876712329,2022-07-13,"STOCKPORT","BA.5.1.2","orf1ab:S135R|orf1ab:T842I|synSNP:C3037T|orf1ab:G1307S|synSNP:C4321T|orf1ab:L3027F|synSNP:A9424G|orf1ab:T3090I|orf1ab:T3255I|synSNP:C10198T|synSNP:G10447A|orf1ab:P3395H|synSNP:G12160A|synSNP:C12880T|orf1ab:P4715L|synSNP:C15654T|synSNP:C15714T|orf1ab:R5716C|orf1ab:I5967V|orf1ab:T6564I|synSNP:A20055G|S:T19I|S:G142D|S:V213G|S:G339D|S:S371F|S:S373P|S:S375F|S:T376A|S:D405N|S:R408S|S:K417N|S:N440K|S:L452R|S:S477N|S:T478K|S:E484A|S:F486V|S:Q498R|S:N501Y|S:Y505H|S:D614G|S:H655Y|S:N679K|S:P681H|S:N764K|S:D796Y|S:Q954H|S:N969K|synSNP:C25000T|synSNP:C25584T|ORF3a:T223I|E:T9I|M:D3N|M:Q19E|M:A63T|ORF6:V5I|synSNP:T27438C|N:P13L|synSNP:A28864T|N:R203K|N:G204R|N:S413R|ORF10:L37F"
"40","England/PHEC-YYGROZU/2022",2022.52876712329,2022-07-13,"","BA.5.1.2","orf1ab:S135R|orf1ab:T842I|synSNP:C3037T|orf1ab:G1307S|synSNP:C4321T|orf1ab:L3027F|synSNP:A9424G|orf1ab:T3090I|orf1ab:T3255I|synSNP:C10198T|synSNP:G10447A|orf1ab:P3395H|synSNP:G12160A|synSNP:C12880T|orf1ab:P4715L|synSNP:C15540T|synSNP:C15654T|synSNP:C15714T|orf1ab:R5716C|orf1ab:I5967V|orf1ab:T6564I|synSNP:A20055G|orf1ab:A6832V|S:T19I|S:G142D|S:V213G|S:G339D|S:S371F|S:S373P|S:S375F|S:T376A|S:D405N|S:K417N|S:N440K|S:L452R|S:S477N|S:T478K|S:E484A|S:F486V|S:Q498R|S:N501Y|S:Y505H|S:D614G|S:H655Y|S:N679K|S:P681H|S:N764K|S:D796Y|S:Q954H|S:N969K|synSNP:C25000T|synSNP:C25584T|ORF3a:T223I|E:T9I|M:D3N|M:Q19E|M:A63T|ORF6:V5I|synSNP:T27438C|N:P13L|synSNP:A28864T|N:R203K|N:G204R|N:S413R|ORF10:L37F"
"41","Wales/QEUH-3EDE07D/2022",2022.52054794521,2022-07-10,"PEMBROKESHIRE|CARMARTHENSHIRE","BA.5.1.2","orf1ab:S135R|orf1ab:T842I|synSNP:C3037T|orf1ab:S1221P|orf1ab:G1307S|synSNP:C4321T|orf1ab:L3027F|synSNP:A9424G|orf1ab:T3090I|orf1ab:T3255I|synSNP:C10198T|orf1ab:L3338F|synSNP:G10447A|orf1ab:P3395H|synSNP:G12160A|synSNP:C12880T|orf1ab:P4715L|synSNP:C15654T|synSNP:C15714T|orf1ab:R5716C|orf1ab:I5967V|orf1ab:T6564I|synSNP:A20055G|S:T19I|S:G142D|S:V213G|S:G339D|S:S371F|S:S373P|S:S375F|S:T376A|S:D405N|S:R408S|S:K417N|S:N440K|S:L452R|S:S477N|S:T478K|S:E484A|S:F486V|S:Q498R|S:N501Y|S:Y505H|S:D614G|S:H655Y|S:N679K|S:P681H|S:N764K|S:D796Y|S:Q954H|S:N969K|synSNP:C25000T|S:C1250Y|synSNP:C25584T|ORF3a:T223I|E:T9I|M:D3N|M:Q19E|M:A63T|ORF6:V5I|synSNP:T27438C|N:P13L|synSNP:A28864T|N:R203K|N:G204R|N:S413R|ORF10:L37F"
"42","Wales/PLYM-3EDE31A/2022",2022.51780821918,2022-07-09,"VALE_OF_GLAMORGAN","BA.5.1.2","orf1ab:S135R|orf1ab:T842I|synSNP:C3037T|orf1ab:G1307S|synSNP:C4321T|orf1ab:L3027F|synSNP:A9424G|orf1ab:T3090I|orf1ab:T3255I|synSNP:A10195G|synSNP:C10198T|synSNP:G10447A|orf1ab:P3395H|synSNP:G12160A|synSNP:C12880T|orf1ab:P4715L|synSNP:C15654T|synSNP:C15714T|orf1ab:R5716C|orf1ab:I5967V|orf1ab:T6564I|synSNP:A20055G|S:T19I|S:G142D|S:V213G|S:G339D|S:S371F|S:S373P|S:S375F|S:T376A|S:D405N|S:R408S|S:K417N|S:N440K|S:L452R|S:S477N|S:T478K|S:E484A|S:F486V|S:Q498R|S:N501Y|S:Y505H|S:D614G|S:H655Y|S:N679K|S:P681H|S:N764K|S:D796Y|S:Q954H|S:N969K|synSNP:C25000T|S:C1250Y|synSNP:C25584T|ORF3a:T223I|E:T9I|M:D3N|M:Q19E|M:A63T|ORF6:V5I|synSNP:T27438C|N:P13L|synSNP:A28864T|N:R203K|N:G204R|N:S413R|ORF10:L37F"
"43","England/DHSC-CYFMX8H/2022",2022.52054794521,2022-07-10,"WILTSHIRE","BA.5.1.2","orf1ab:S135R|orf1ab:T842I|synSNP:C3037T|orf1ab:G1307S|orf1ab:L3027F|synSNP:A9424G|orf1ab:T3090I|orf1ab:T3255I|synSNP:C10198T|synSNP:G10447A|orf1ab:P3395H|synSNP:G12160A|synSNP:C12880T|orf1ab:P4715L|synSNP:C15654T|synSNP:C15714T|orf1ab:R5716C|orf1ab:I5967V|orf1ab:T6564I|synSNP:A20055G|S:T19I|S:G142D|S:V213G|S:G339D|S:S371F|S:S373P|S:S375F|S:T376A|S:D405N|S:R408S|S:K417N|S:N440K|S:L452R|S:S477N|S:T478K|S:E484A|S:F486V|S:Q498R|S:N501Y|S:Y505H|S:D614G|S:H655Y|S:N679K|S:P681H|S:N764K|S:D796Y|S:Q954H|S:N969K|synSNP:C25000T|S:C1250Y|synSNP:C25584T|ORF3a:T223I|E:T9I|M:D3N|M:Q19E|M:A63T|ORF6:V5I|synSNP:T27438C|N:P13L|synSNP:A28864T|N:R203K|N:G204R|N:S413R|ORF10:L37F"
"44","Wales/PHWC-PKYTUR/2022",2022.52328767123,2022-07-11,"VALE_OF_GLAMORGAN","BA.5.1.2","orf1ab:S135R|orf1ab:T842I|synSNP:C3037T|orf1ab:G1307S|synSNP:C4321T|orf1ab:L3027F|synSNP:A9424G|orf1ab:T3090I|orf1ab:T3255I|synSNP:A10195G|synSNP:C10198T|synSNP:G10447A|orf1ab:P3395H|synSNP:G12160A|synSNP:C12880T|orf1ab:P4715L|synSNP:C15654T|synSNP:C15714T|orf1ab:R5716C|orf1ab:I5967V|orf1ab:T6564I|synSNP:A20055G|S:T19I|S:G142D|S:V213G|S:G339D|S:S371F|S:S373P|S:S375F|S:T376A|S:D405N|S:R408S|S:K417N|S:N440K|S:L452R|S:S477N|S:T478K|S:E484A|S:F486V|S:Q498R|S:N501Y|S:Y505H|S:D614G|S:H655Y|S:N679K|S:P681H|S:N764K|S:D796Y|S:Q954H|S:N969K|synSNP:C25000T|S:C1250Y|synSNP:C25584T|ORF3a:T223I|E:T9I|M:D3N|M:Q19E|M:A63T|ORF6:V5I|synSNP:T27438C|N:P13L|synSNP:A28864T|N:R203K|N:G204R|N:S413R|ORF10:L37F"
"45","England/PHEP-YYFC4NF/2022",2022.51780821918,2022-07-09,"","BA.5.1.2","orf1ab:S135R|orf1ab:D294G|orf1ab:T842I|synSNP:C3037T|orf1ab:G1307S|synSNP:C4321T|orf1ab:L3027F|synSNP:A9424G|orf1ab:T3090I|orf1ab:T3255I|synSNP:C10198T|synSNP:G10447A|orf1ab:P3395H|synSNP:G12160A|synSNP:C12880T|orf1ab:P4715L|synSNP:C15324T|synSNP:C15654T|synSNP:C15714T|orf1ab:R5716C|orf1ab:I5967V|orf1ab:T6564I|synSNP:A20055G|S:T19I|S:G142D|S:V213G|S:G339D|S:S371F|S:S373P|S:S375F|S:T376A|S:D405N|S:R408S|S:K417N|S:N440K|S:L452R|S:S477N|S:T478K|S:E484A|S:F486V|S:Q498R|S:N501Y|S:Y505H|S:D614G|S:H655Y|S:N679K|S:P681H|S:N764K|S:D796Y|S:Q954H|S:N969K|synSNP:C25000T|synSNP:C25584T|ORF3a:T223I|E:T9I|M:D3N|M:Q19E|M:A63T|ORF6:V5I|synSNP:T27438C|N:P13L|synSNP:A28864T|N:R203K|N:G204R|N:S413R|ORF10:L37F"
"46","England/PHEC-YYGNR9U/2022",2022.52054794521,2022-07-10,"","BA.5.1.2","orf1ab:S135R|orf1ab:T842I|synSNP:C3037T|orf1ab:G1307S|synSNP:C4321T|orf1ab:L3027F|synSNP:A9424G|orf1ab:T3090I|orf1ab:T3255I|synSNP:C10198T|synSNP:G10447A|orf1ab:P3395H|synSNP:G12160A|synSNP:C12880T|orf1ab:P4715L|synSNP:C15654T|synSNP:C15714T|orf1ab:R5716C|orf1ab:I5967V|orf1ab:T6175I|orf1ab:T6564I|synSNP:A20055G|S:T19I|S:G142D|S:V213G|S:G339D|S:S371F|S:S373P|S:S375F|S:T376A|S:D405N|S:K417N|S:N440K|S:L452R|S:S477N|S:T478K|S:E484A|S:F486V|S:Q498R|S:N501Y|S:Y505H|S:D614G|S:H655Y|S:N679K|S:P681H|S:N764K|S:D796Y|S:Q954H|S:N969K|synSNP:C25000T|synSNP:C25584T|ORF3a:T223I|E:T9I|M:D3N|M:Q19E|M:A63T|ORF6:V5I|synSNP:T27438C|N:P13L|synSNP:A28864T|N:R203K|N:G204R|N:S413R|ORF10:L37F"
"47","England/DHSC-CYGRBEI/2022",2022.52602739726,2022-07-12,"OXFORDSHIRE","Unassigned","orf1ab:S135R|synSNP:C1102T|orf1ab:T842I|synSNP:C3037T|synSNP:T7900C|orf1ab:L3027F|synSNP:A9424G|orf1ab:T3090I|orf1ab:T3255I|synSNP:C10198T|synSNP:G10447A|orf1ab:P3395H|synSNP:G12160A|synSNP:C12880T|orf1ab:P4715L|synSNP:C15654T|synSNP:C15714T|orf1ab:R5716C|orf1ab:I5967V|orf1ab:T6564I|synSNP:A20055G|S:G142D|S:V213G|S:G339D|S:S371F|S:S373P|S:S375F|S:T376A|S:D405N|S:R408S|S:K417N|S:N440K|S:L452R|S:S477N|S:T478K|S:E484A|S:F486V|S:Q498R|S:N501Y|S:Y505H|S:D614G|S:H655Y|S:N679K|S:P681H|S:N764K|S:D796Y|S:Q954H|S:N969K|synSNP:C25000T|synSNP:C25584T|ORF3a:T223I|E:T9I|M:D3N|M:Q19E|M:A63T|ORF6:V5I|synSNP:T27438C|N:P13L|synSNP:A28864T|N:R203K|N:G204R|N:S413R|ORF10:L37F"
"48","England/DHSC-CYGYW95/2022",2022.51780821918,2022-07-09,"WILTSHIRE","BA.5.1.2","orf1ab:S135R|orf1ab:T842I|synSNP:C3037T|orf1ab:G1307S|synSNP:C4321T|orf1ab:L3027F|synSNP:A9424G|orf1ab:T3090I|orf1ab:T3255I|synSNP:C10198T|synSNP:G10447A|orf1ab:P3395H|synSNP:G12160A|synSNP:C12880T|orf1ab:P4715L|synSNP:C15654T|synSNP:C15714T|orf1ab:R5716C|orf1ab:I5967V|orf1ab:T6564I|synSNP:A20055G|S:G142D|S:V213G|S:G339D|S:S371F|S:S373P|S:S375F|S:T376A|S:D405N|S:R408S|S:K417N|S:N440K|S:L452R|S:S477N|S:T478K|S:E484A|S:F486V|S:Q498R|S:N501Y|S:Y505H|S:D614G|S:H655Y|S:N679K|S:P681H|S:N764K|S:D796Y|S:Q954H|S:N969K|synSNP:C24865T|synSNP:C25000T|S:C1250Y|synSNP:C25584T|ORF3a:T223I|E:T9I|M:D3N|M:Q19E|M:A63T|ORF6:V5I|synSNP:T27438C|N:P13L|synSNP:A28864T|N:R203K|N:G204R|N:S413R|ORF10:L37F"
"49","England/PHEC-YYGB9MD/2022",2022.51780821918,2022-07-09,"","BA.5.1.2","orf1ab:S135R|orf1ab:T842I|synSNP:C3037T|orf1ab:G1307S|synSNP:C4321T|orf1ab:L3027F|synSNP:A9424G|orf1ab:T3090I|orf1ab:T3255I|synSNP:C10198T|synSNP:G10447A|orf1ab:P3395H|synSNP:G12160A|synSNP:C12880T|orf1ab:P4715L|synSNP:C15654T|synSNP:C15714T|orf1ab:R5716C|orf1ab:I5967V|orf1ab:T6564I|synSNP:A20055G|S:L5F|S:T19I|S:G142D|S:V213G|S:G339D|S:S371F|S:S373P|S:S375F|S:T376A|S:D405N|S:K417N|S:N440K|S:L452R|S:S477N|S:T478K|S:E484A|S:F486V|S:Q498R|S:N501Y|S:Y505H|S:T547I|S:D614G|S:H655Y|S:N679K|S:P681H|S:N764K|S:D796Y|S:Q954H|S:N969K|synSNP:C25000T|synSNP:C25584T|ORF3a:T223I|E:T9I|M:D3N|M:Q19E|M:A63T|ORF6:V5I|synSNP:T27438C|N:P13L|synSNP:A28864T|N:R203K|N:G204R|N:S413R|ORF10:L37F"
"50","England/PHEC-YYGB4EQ/2022",2022.51780821918,2022-07-09,"","BA.5.1.2","orf1ab:S135R|orf1ab:T842I|synSNP:C3037T|orf1ab:G1307S|synSNP:C4321T|orf1ab:L3027F|synSNP:A9424G|orf1ab:T3090I|orf1ab:T3255I|synSNP:C10198T|synSNP:G10447A|orf1ab:P3395H|synSNP:G12160A|synSNP:C12880T|orf1ab:P4715L|synSNP:C15654T|synSNP:C15714T|orf1ab:R5716C|orf1ab:I5967V|orf1ab:T6564I|synSNP:A20055G|S:T19I|S:G142D|S:V213G|S:G339D|S:S371F|S:S373P|S:S375F|S:T376A|S:D405N|S:K417N|S:N440K|S:L452R|S:S477N|S:T478K|S:E484A|S:F486V|S:Q498R|S:N501Y|S:Y505H|S:D614G|S:H655Y|S:N679K|S:P681H|S:N764K|S:D796Y|S:Q954H|S:N969K|synSNP:C25000T|synSNP:C25584T|ORF3a:T223I|E:T9I|M:D3N|M:Q19E|M:A63T|ORF6:V5I|synSNP:T27438C|ORF8:Q91*|N:P13L|synSNP:A28864T|N:R203K|N:G204R|N:S413R|ORF10:L37F"
"51","England/PHEC-YYGB5FU/2022",2022.51780821918,2022-07-09,"","BA.5.1.2","orf1ab:S135R|orf1ab:T842I|synSNP:C3037T|orf1ab:G1307S|synSNP:C4321T|orf1ab:H1613Y|orf1ab:S2900L|orf1ab:L3027F|synSNP:A9424G|orf1ab:T3090I|orf1ab:T3255I|synSNP:C10198T|synSNP:G10447A|orf1ab:P3395H|synSNP:G12160A|synSNP:C12880T|orf1ab:P4715L|synSNP:C15654T|synSNP:C15714T|synSNP:T16170C|orf1ab:R5716C|orf1ab:I5967V|orf1ab:T6564I|synSNP:A20055G|S:T19I|S:G142D|S:V213G|S:G339D|S:S371F|S:S373P|S:S375F|S:T376A|S:D405N|S:K417N|S:N440K|S:L452R|S:S477N|S:T478K|S:E484A|S:F486V|S:Q498R|S:N501Y|S:Y505H|S:D614G|S:H655Y|S:N679K|S:P681H|S:N764K|S:D796Y|S:Q954H|S:N969K|synSNP:C25000T|synSNP:C25584T|ORF3a:T223I|E:T9I|M:D3N|M:Q19E|M:A63T|ORF6:V5I|synSNP:T27438C|N:P13L|synSNP:A28864T|N:R203K|N:G204R|N:S413R|ORF10:L37F"
"52","England/PHEP-YYFCQXZ/2022",2022.5095890411,2022-07-06,"","BA.5.1.2","orf1ab:S135R|orf1ab:T842I|synSNP:C3037T|orf1ab:G1307S|synSNP:C4321T|orf1ab:L3027F|synSNP:A9424G|orf1ab:T3090I|orf1ab:T3255I|synSNP:C10198T|synSNP:G10447A|orf1ab:P3395H|synSNP:G12160A|synSNP:C12880T|orf1ab:P4715L|synSNP:C15324T|synSNP:C15654T|synSNP:C15714T|orf1ab:R5716C|orf1ab:I5967V|orf1ab:T6564I|synSNP:A20055G|S:T19I|S:G142D|S:V213G|S:G339D|S:S371F|S:S373P|S:S375F|S:T376A|S:D405N|S:R408S|S:K417N|S:N440K|S:L452R|S:S477N|S:T478K|S:E484A|S:F486V|S:Q498R|S:N501Y|S:Y505H|S:D614G|S:H655Y|S:N679K|S:P681H|S:N764K|S:T778A|S:D796Y|S:Q954H|S:N969K|synSNP:C25000T|synSNP:C25584T|ORF3a:T223I|E:T9I|M:D3N|M:Q19E|M:A63T|ORF6:V5I|synSNP:T27438C|N:P13L|synSNP:A28864T|N:R203K|N:G204R|synSNP:G29254A|N:S413R|ORF10:L37F"
"53","England/QEUH-3ED16A5/2022",2022.50684931507,2022-07-05,"CORNWALL","BA.5.1.2","orf1ab:S135R|orf1ab:T842I|synSNP:C3037T|orf1ab:P1220S|orf1ab:G1307S|synSNP:C4321T|orf1ab:L3027F|synSNP:A9424G|orf1ab:T3090I|orf1ab:T3255I|synSNP:C10198T|synSNP:G10447A|orf1ab:P3395H|synSNP:G12160A|synSNP:C12880T|orf1ab:P4715L|synSNP:C15654T|synSNP:C15714T|orf1ab:R5716C|orf1ab:I5967V|orf1ab:T6564I|synSNP:A20055G|S:T19I|S:G142D|S:V159A|S:V213G|S:G339D|S:S371F|S:S373P|S:S375F|S:T376A|S:D405N|S:R408S|S:K417N|S:N440K|S:L452R|S:S477N|S:T478K|S:E484A|S:F486V|S:Q498R|S:N501Y|S:Y505H|S:D614G|S:H655Y|S:N679K|S:P681H|S:N764K|S:D796Y|S:Q954H|S:N969K|synSNP:C25000T|S:C1250Y|synSNP:C25584T|ORF3a:T223I|E:T9I|M:D3N|M:Q19E|M:A63T|ORF6:V5I|synSNP:T27438C|N:P13L|N:P142S|synSNP:A28864T|N:R203K|N:G204R|N:S413R|ORF10:L37F"
"54","England/PHEC-YYGY6DS/2022",2022.51506849315,2022-07-08,"","Unassigned","orf1ab:S135R|orf1ab:T842I|synSNP:C3037T|orf1ab:G1307S|synSNP:C4321T|orf1ab:L3027F|synSNP:A9424G|orf1ab:T3090I|orf1ab:T3255I|synSNP:C10198T|synSNP:G10447A|orf1ab:P3395H|synSNP:G12160A|synSNP:C12880T|orf1ab:P4715L|synSNP:C15654T|synSNP:C15714T|orf1ab:R5716C|orf1ab:I5967V|S:T19I|S:G142D|S:V213G|S:G339D|S:S371F|S:S373P|S:S375F|S:T376A|S:D405N|S:R408S|S:K417N|S:N440K|S:L452R|S:S477N|S:T478K|S:E484A|S:F486V|S:Q498R|S:N501Y|S:Y505H|S:D614G|S:H655Y|S:N679K|S:P681H|S:N764K|S:D796Y|S:Q954H|S:N969K|synSNP:C25000T|synSNP:C25584T|ORF3a:T223I|E:T9I|M:D3N|M:Q19E|M:A63T|ORF6:V5I|synSNP:T27438C|N:P13L|synSNP:A28864T|N:R203K|N:G204R|N:S413R|ORF10:L37F"
"55","Scotland/LSPA-3EC0005/2022",2022.50410958904,2022-07-04,"RENFREWSHIRE","BA.5.1.2","orf1ab:S135R|orf1ab:T842I|synSNP:C3037T|orf1ab:G1307S|synSNP:C4321T|orf1ab:L3027F|synSNP:A9424G|orf1ab:T3090I|orf1ab:T3255I|synSNP:C10198T|synSNP:G10447A|orf1ab:P3395H|synSNP:G12160A|synSNP:C12880T|orf1ab:P4715L|synSNP:C15654T|synSNP:C15714T|orf1ab:R5716C|orf1ab:I5967V|orf1ab:T6564I|synSNP:A20055G|orf1ab:A6832V|S:T19I|S:G142D|S:V213G|S:G339D|S:S371F|S:S373P|S:S375F|S:T376A|S:D405N|S:R408S|S:K417N|S:N440K|S:L452R|S:S477N|S:T478K|S:E484A|S:F486V|S:Q498R|S:N501Y|S:Y505H|S:D614G|S:H655Y|S:N679K|S:P681H|S:N764K|S:D796Y|S:Q954H|S:N969K|synSNP:C25000T|ORF3a:A39S|synSNP:C25584T|ORF3a:T223I|E:T9I|M:D3N|M:Q19E|M:A63T|ORF6:F2L|ORF6:V5I|synSNP:T27438C|N:P13L|synSNP:A28864T|N:R203K|N:G204R|N:S413R|ORF10:L37F"
"56","England/LSPA-3ED049D/2022",2022.51232876712,2022-07-07,"GREATER_LONDON","Unassigned","orf1ab:S135R|orf1ab:T842I|synSNP:C3037T|orf1ab:G1307S|synSNP:C4321T|synSNP:T7900C|orf1ab:L3027F|synSNP:A9424G|orf1ab:T3090I|orf1ab:T3255I|synSNP:C10198T|synSNP:G10447A|orf1ab:P3395H|synSNP:G12160A|synSNP:C12880T|orf1ab:P4715L|synSNP:C15654T|synSNP:C15714T|orf1ab:R5716C|orf1ab:I5967V|S:T19I|S:G142D|S:V213G|S:G339D|S:S371F|S:S373P|S:S375F|S:T376A|S:D405N|S:R408S|S:K417N|S:N440K|S:L452R|S:S477N|S:T478K|S:E484A|S:F486V|S:Q498R|S:N501Y|S:Y505H|S:D614G|S:H655Y|S:N679K|S:P681H|S:N764K|S:D796Y|S:Q954H|S:N969K|synSNP:C25000T|synSNP:C25584T|ORF3a:T223I|E:T9I|M:D3N|M:Q19E|M:A63T|ORF6:V5I|synSNP:T27438C|N:P13L|synSNP:A28864T|N:R203K|N:G204R|N:S413R|ORF10:L37F"
"57","England/LSPA-3ED073A/2022",2022.51232876712,2022-07-07,"ESSEX","BA.5.1.2","orf1ab:S135R|orf1ab:T842I|synSNP:C3037T|orf1ab:G1307S|synSNP:C4321T|synSNP:T7900C|orf1ab:L3027F|synSNP:A9424G|orf1ab:T3090I|orf1ab:T3255I|synSNP:C10198T|synSNP:G10447A|orf1ab:P3395H|synSNP:G12160A|synSNP:C12880T|orf1ab:P4715L|synSNP:C15654T|synSNP:C15714T|orf1ab:R5716C|orf1ab:I5967V|orf1ab:T6564I|synSNP:A20055G|S:T19I|S:G142D|S:V213G|S:G339D|S:S371F|S:S373P|S:S375F|S:T376A|S:D405N|S:R408S|S:K417N|S:N440K|S:L452R|S:S477N|S:T478K|S:E484A|S:F486V|S:Q498R|S:N501Y|S:Y505H|S:D614G|S:H655Y|S:N679K|S:P681H|S:N764K|S:D796Y|S:Q954H|S:N969K|synSNP:C25000T|synSNP:C25584T|ORF3a:T223I|E:T9I|M:D3N|M:Q19E|M:A63T|ORF6:V5I|synSNP:T27438C|N:P13L|synSNP:A28864T|N:R203K|N:G204R|N:S413R|ORF10:L37F"
"58","England/PHEC-YYGYT9K/2022",2022.51506849315,2022-07-08,"","BA.5.1.2","orf1ab:S135R|orf1ab:T842I|synSNP:C3037T|orf1ab:G1307S|synSNP:C4321T|orf1ab:L3027F|synSNP:A9424G|orf1ab:T3090I|orf1ab:T3255I|synSNP:C10198T|synSNP:G10447A|orf1ab:P3395H|synSNP:G12160A|synSNP:C12880T|orf1ab:P4715L|synSNP:C15654T|synSNP:C15714T|orf1ab:R5716C|orf1ab:I5967V|orf1ab:T6564I|synSNP:A20055G|S:T19I|S:G142D|S:V213G|S:G339D|S:S371F|S:S373P|S:S375F|S:T376A|S:D405N|S:R408S|S:K417N|S:N440K|S:L452R|S:S477N|S:T478K|S:E484A|S:F486V|S:Q498R|S:N501Y|S:Y505H|S:D614G|S:H655Y|S:N679K|S:P681H|S:N764K|S:D796Y|S:Q954H|S:N969K|synSNP:C25000T|S:C1250Y|synSNP:C25584T|ORF3a:T223I|E:T9I|M:D3N|M:Q19E|M:A63T|ORF6:V5I|synSNP:T27438C|N:P13L|synSNP:A28864T|N:R203K|N:G204R|N:S413R|ORF10:L37F"
"59","England/DHSC-CYGT9WD/2022",2022.5095890411,2022-07-06,"BUCKINGHAMSHIRE","Unassigned","orf1ab:S135R|orf1ab:T842I|synSNP:C3037T|orf1ab:G1307S|orf1ab:L3027F|synSNP:A9424G|orf1ab:T3090I|orf1ab:T3255I|synSNP:C10198T|synSNP:G10447A|orf1ab:P3395H|synSNP:G12160A|synSNP:C12880T|orf1ab:P4715L|synSNP:C15654T|synSNP:C15714T|orf1ab:R5716C|orf1ab:I5967V|orf1ab:T6564I|synSNP:A20055G|S:G142D|S:V213G|S:G339D|S:S371F|S:S373P|S:S375F|S:T376A|S:D405N|S:R408S|S:K417N|S:N440K|S:L452R|S:S477N|S:T478K|S:E484A|S:F486V|S:Q498R|S:N501Y|S:Y505H|S:D614G|S:H655Y|S:N679K|S:P681H|S:N764K|S:D796Y|S:Q954H|S:N969K|synSNP:C25000T|synSNP:C25584T|ORF3a:T223I|E:T9I|M:D3N|M:Q19E|M:A63T|ORF6:V5I|synSNP:T27438C|ORF8:W45C|N:P13L|synSNP:A28864T|N:R203K|N:G204R|N:S413R|ORF10:L37F"
"60","England/PHEC-YYF9USH/2022",2022.50410958904,2022-07-04,"","BA.5.1.2","orf1ab:S135R|orf1ab:T842I|synSNP:C3037T|orf1ab:G1307S|synSNP:C4321T|orf1ab:L3027F|synSNP:A9424G|orf1ab:T3090I|orf1ab:T3255I|synSNP:C10198T|synSNP:G10447A|orf1ab:P3395H|synSNP:G12160A|synSNP:C12880T|orf1ab:P4715L|synSNP:C15654T|synSNP:C15714T|orf1ab:R5716C|orf1ab:I5967V|orf1ab:T6564I|synSNP:A20055G|S:T19I|S:G142D|S:V213G|S:G339D|S:S373P|S:S375F|S:T376A|S:D405N|S:K417N|S:N440K|S:L452R|S:S477N|S:T478K|S:E484A|S:F486V|S:Q498R|S:N501Y|S:Y505H|S:D614G|S:H655Y|S:N679K|S:P681H|S:N764K|S:D796Y|S:Q954H|S:N969K|synSNP:C25000T|synSNP:C25584T|ORF3a:T223I|E:T9I|M:D3N|M:Q19E|M:A63T|ORF6:V5I|synSNP:T27438C|N:P13L|synSNP:A28864T|N:R203K|N:G204R|N:S413R|ORF10:L37F"
"61","Scotland/LSPA-3ECBBEB/2022",2022.5095890411,2022-07-06,"GLASGOW","BA.5.1.2","orf1ab:S135R|orf1ab:T842I|synSNP:C3037T|orf1ab:G1307S|synSNP:C4321T|orf1ab:L3027F|synSNP:A9424G|orf1ab:T3090I|orf1ab:T3255I|synSNP:C10198T|synSNP:G10447A|orf1ab:P3395H|synSNP:G12160A|synSNP:C12880T|orf1ab:P4715L|synSNP:C15654T|synSNP:C15714T|orf1ab:R5716C|orf1ab:I5967V|orf1ab:T6564I|synSNP:A20055G|S:T19I|S:G142D|S:V213G|S:G339D|S:S371F|S:S373P|S:S375F|S:T376A|S:D405N|S:R408S|S:K417N|S:N440K|S:L452R|S:S477N|S:T478K|S:E484A|S:F486V|S:Q498R|S:N501Y|S:Y505H|S:D614G|S:H655Y|S:N679K|S:P681H|S:N764K|S:D796Y|S:Q954H|S:N969K|synSNP:C25000T|synSNP:C25584T|ORF3a:L95F|ORF3a:T223I|E:T9I|M:D3N|M:Q19E|M:A63T|ORF6:V5I|synSNP:T27438C|N:P13L|synSNP:A28864T|N:R203K|N:G204R|N:S413R|ORF10:L37F"
"62","England/LSPA-3EC92E8/2022",2022.50684931507,2022-07-05,"BRADFORD","BA.5.1.2","orf1ab:S135R|orf1ab:T842I|synSNP:C3037T|orf1ab:G1307S|synSNP:C4321T|orf1ab:L3027F|synSNP:A9424G|orf1ab:T3090I|orf1ab:T3255I|synSNP:C10198T|synSNP:C10369T|synSNP:G10447A|orf1ab:P3395H|synSNP:G12160A|synSNP:C12880T|orf1ab:P4715L|synSNP:C15654T|synSNP:C15714T|orf1ab:R5716C|orf1ab:I5967V|orf1ab:T6564I|synSNP:A20055G|orf1ab:A6832V|S:T19I|S:G142D|S:V213G|S:G339D|S:S371F|S:S373P|S:S375F|S:T376A|S:D405N|S:R408S|S:K417N|S:N440K|S:L452R|S:S477N|S:T478K|S:E484A|S:F486V|S:Q498R|S:N501Y|S:Y505H|S:D614G|S:H655Y|S:N679K|S:P681H|S:N764K|S:D796Y|S:Q954H|S:N969K|synSNP:C25000T|synSNP:C25584T|ORF3a:T223I|E:T9I|M:D3N|M:Q19E|M:A63T|ORF6:V5I|synSNP:T27438C|N:P13L|synSNP:A28864T|N:R203K|N:G204R|N:S413R|ORF10:L37F"
"63","Scotland/LSPA-3EC447E/2022",2022.50684931507,2022-07-05,"GLASGOW","BA.5.1.2","orf1ab:S135R|orf1ab:T842I|synSNP:C3037T|orf1ab:G1307S|synSNP:C4321T|orf1ab:L3027F|synSNP:A9424G|orf1ab:T3090I|orf1ab:T3255I|synSNP:C10198T|synSNP:G10447A|orf1ab:P3395H|synSNP:G12160A|synSNP:C12880T|orf1ab:P4715L|synSNP:C15654T|synSNP:C15714T|orf1ab:R5716C|orf1ab:I5967V|orf1ab:T6564I|synSNP:A20055G|S:T19I|S:G142D|S:V213G|S:G339D|S:S371F|S:S373P|S:S375F|S:T376A|S:D405N|S:R408S|S:K417N|S:N440K|S:L452R|S:S477N|S:T478K|S:E484A|S:F486V|S:Q498R|S:N501Y|S:Y505H|S:D614G|S:H655Y|S:N679K|S:P681H|S:N764K|S:D796Y|S:Q954H|S:N969K|synSNP:C24865T|synSNP:C25000T|S:C1250Y|synSNP:C25584T|ORF3a:T223I|E:T9I|M:D3N|M:Q19E|M:A63T|ORF6:V5I|synSNP:T27438C|N:P13L|synSNP:A28864T|N:R203K|N:G204R|N:S413R|ORF10:L37F"
"64","England/PHEC-YYFH9GZ/2022",2022.50684931507,2022-07-05,"","BA.5.1.2","orf1ab:S135R|orf1ab:T842I|synSNP:C3037T|orf1ab:G1307S|synSNP:C4321T|orf1ab:L3027F|synSNP:A9424G|orf1ab:T3090I|orf1ab:T3255I|synSNP:C10198T|synSNP:C10369T|synSNP:G10447A|orf1ab:P3395H|synSNP:G12160A|synSNP:C12880T|orf1ab:P4715L|synSNP:C15654T|synSNP:C15714T|orf1ab:R5716C|orf1ab:I5967V|orf1ab:T6564I|synSNP:A20055G|orf1ab:A6832V|S:T19I|S:G142D|S:V213G|S:G339D|S:S371F|S:S373P|S:S375F|S:T376A|S:D405N|S:K417N|S:N440K|S:L452R|S:S477N|S:T478K|S:E484A|S:F486V|S:Q498R|S:N501Y|S:Y505H|S:D614G|S:H655Y|S:N679K|S:P681H|S:N764K|S:D796Y|S:Q954H|S:N969K|synSNP:C25000T|synSNP:C25584T|ORF3a:T223I|E:T9I|M:D3N|M:Q19E|M:A63T|ORF6:V5I|synSNP:T27438C|N:P13L|synSNP:A28864T|N:R203K|N:G204R|N:S413R|ORF10:L37F"
"65","England/PHEP-YYFK5HU/2022",2022.50410958904,2022-07-04,"","Unassigned","orf1ab:S135R|orf1ab:T842I|synSNP:C3037T|orf1ab:G1307S|synSNP:C4321T|orf1ab:L3027F|synSNP:A9424G|orf1ab:T3090I|orf1ab:T3255I|synSNP:C10198T|synSNP:G10447A|orf1ab:P3395H|synSNP:G12160A|synSNP:C12880T|orf1ab:P4715L|synSNP:C15654T|synSNP:C15714T|orf1ab:R5716C|orf1ab:I5967V|S:L5F|S:T19I|S:G142D|S:V213G|S:G339D|S:S371F|S:S373P|S:S375F|S:T376A|S:D405N|S:R408S|S:K417N|S:N440K|S:L452R|S:S477N|S:T478K|S:E484A|S:F486V|S:Q498R|S:N501Y|S:Y505H|S:D614G|S:H655Y|S:N679K|S:P681H|S:N764K|S:D796Y|S:Q954H|S:N969K|synSNP:C25000T|synSNP:C25584T|ORF3a:T223I|E:T9I|M:D3N|M:Q19E|M:A63T|ORF6:V5I|synSNP:T27438C|N:P13L|synSNP:A28864T|N:R203K|N:G204R|N:S413R|ORF10:L37F"
"66","England/PHEC-YYFHJ6H/2022",2022.49863013699,2022-07-02,"","Unassigned","orf1ab:S135R|orf1ab:T842I|synSNP:C3037T|orf1ab:G1307S|synSNP:C4321T|orf1ab:L3027F|synSNP:A9424G|orf1ab:T3090I|orf1ab:T3255I|synSNP:C10138T|synSNP:C10198T|synSNP:G10447A|orf1ab:P3395H|synSNP:G12160A|synSNP:C12880T|orf1ab:P4715L|synSNP:C15654T|synSNP:C15714T|orf1ab:R5716C|S:T19I|S:G142D|S:V213G|S:G339D|S:S371F|S:S373P|S:S375F|S:T376A|S:D405N|S:S477N|S:T478K|S:E484A|S:F486V|S:Q498R|S:N501Y|S:Y505H|S:D614G|S:H655Y|S:N679K|S:P681H|S:N764K|S:D796Y|S:Q954H|S:N969K|synSNP:C25000T|synSNP:C25584T|ORF3a:T223I|E:T9I|M:D3N|M:Q19E|M:A63T|ORF6:V5I|synSNP:T27438C|N:P13L|synSNP:A28864T|N:R203K|N:G204R|N:S413R|ORF10:L37F"
"67","England/LSPA-3EB89D8/2022",2022.50410958904,2022-07-04,"CAMBRIDGESHIRE","BA.5.1.2","orf1ab:S135R|orf1ab:T842I|synSNP:C3037T|orf1ab:G1307S|synSNP:C4321T|orf1ab:L3027F|synSNP:A9424G|orf1ab:T3090I|synSNP:C9943T|orf1ab:T3255I|synSNP:C10198T|synSNP:G10447A|orf1ab:P3395H|synSNP:G12160A|synSNP:C12880T|orf1ab:P4715L|synSNP:C15324T|synSNP:C15654T|synSNP:C15714T|orf1ab:R5716C|orf1ab:I5967V|orf1ab:S6375I|orf1ab:T6564I|synSNP:A20055G|S:T19I|S:G142D|S:V213G|S:G339D|S:S371F|S:S373P|S:S375F|S:T376A|S:D405N|S:R408S|S:K417N|S:N440K|S:L452R|S:S477N|S:T478K|S:E484A|S:F486V|S:Q498R|S:N501Y|S:Y505H|S:D614G|S:H655Y|S:N679K|S:P681H|S:N764K|S:D796Y|S:Q954H|S:N969K|synSNP:C25000T|synSNP:C25584T|ORF3a:T223I|E:T9I|M:D3N|M:Q19E|M:A63T|ORF6:V5I|synSNP:T27438C|N:P13L|synSNP:A28864T|N:R203K|N:G204R|N:S413R|ORF10:L37F"
"68","England/PHEC-YYFHZJ3/2022",2022.48767123288,2022-06-28,"","Unassigned","orf1ab:S135R|orf1ab:T842I|synSNP:C3037T|orf1ab:G1307S|synSNP:C4321T|orf1ab:L3027F|synSNP:A9424G|orf1ab:T3090I|orf1ab:T3255I|synSNP:C10198T|synSNP:G10447A|orf1ab:P3395H|synSNP:G12160A|synSNP:C12880T|orf1ab:P4715L|synSNP:C15654T|synSNP:C15714T|orf1ab:R5716C|orf1ab:I5967V|S:T19I|S:G142D|S:V213G|S:G339D|S:S371F|S:S373P|S:S375F|S:T376A|S:D405N|S:K417N|S:N440K|S:L452R|S:S477N|S:T478K|S:E484A|S:F486V|S:Q498R|S:N501Y|S:Y505H|S:D614G|S:H655Y|S:N679K|S:P681H|S:N764K|S:D796Y|S:Q954H|S:N969K|synSNP:C25000T|synSNP:C25584T|ORF3a:T223I|E:T9I|M:D3N|M:Q19E|M:A63T|ORF6:V5I|synSNP:T27438C|N:P13L|synSNP:A28864T|N:R203K|N:G204R|N:S413R|ORF10:L37F"
"69","England/PHEC-YYF4NQE/2022",2022.48767123288,2022-06-28,"","BA.5.1.2","orf1ab:S135R|orf1ab:T842I|synSNP:C3037T|orf1ab:G1307S|synSNP:C4321T|orf1ab:L3027F|synSNP:A9424G|orf1ab:T3090I|orf1ab:T3255I|synSNP:C10198T|synSNP:C10369T|synSNP:G10447A|orf1ab:P3395H|synSNP:G12160A|synSNP:C12880T|orf1ab:P4715L|synSNP:C15654T|synSNP:C15714T|orf1ab:R5716C|orf1ab:I5967V|orf1ab:T6564I|synSNP:A20055G|orf1ab:A6832V|S:T19I|S:G142D|S:V213G|S:G339D|S:S371F|S:S373P|S:S375F|S:T376A|S:D405N|S:R408S|S:K417N|S:N440K|S:L452R|S:S477N|S:T478K|S:E484A|S:F486V|S:Q498R|S:N501Y|S:Y505H|S:D614G|S:H655Y|S:N679K|S:P681H|S:N764K|S:D796Y|S:Q954H|S:N969K|synSNP:C25000T|synSNP:C25584T|ORF3a:T223I|E:T9I|M:D3N|M:Q19E|M:A63T|ORF6:V5I|synSNP:T27438C|N:P13L|synSNP:A28864T|N:R203K|N:G204R|N:S413R|ORF10:L37F"
"70","Wales/LSPA-3EAF89B/2022",2022.49315068493,2022-06-30,"RHONDDA_CYNON_TAFF","BA.5.1.2","orf1ab:S135R|orf1ab:T842I|synSNP:C3037T|orf1ab:G1307S|synSNP:C4321T|orf1ab:L3027F|synSNP:A9424G|orf1ab:T3090I|orf1ab:T3255I|synSNP:C10198T|synSNP:G10447A|orf1ab:P3395H|synSNP:G12160A|synSNP:C12880T|orf1ab:P4715L|synSNP:C15654T|synSNP:C15714T|orf1ab:R5716C|orf1ab:I5967V|orf1ab:T6564I|synSNP:A20055G|S:T19I|S:G142D|S:V213G|S:G339D|S:S371F|S:S373P|S:S375F|S:T376A|S:D405N|S:R408S|S:K417N|S:N440K|S:L452R|S:S477N|S:T478K|S:E484A|S:F486V|S:Q498R|S:N501Y|S:Y505H|S:D614G|S:H655Y|S:N679K|S:P681H|S:N764K|S:D796Y|S:Q954H|S:N969K|synSNP:C25000T|S:C1250Y|synSNP:C25584T|ORF3a:T223I|E:T9I|M:D3N|M:Q19E|M:A63T|ORF6:V5I|synSNP:T27438C|N:P13L|synSNP:A28864T|N:R203K|N:G204R|N:S413R|ORF10:L37F"
"71","England/PHEP-YYFJUQ4/2022",2022.49863013699,2022-07-02,"","BA.5.1.2","orf1ab:S135R|orf1ab:T842I|synSNP:C3037T|orf1ab:G1307S|synSNP:C4321T|orf1ab:L3027F|synSNP:A9424G|orf1ab:T3090I|orf1ab:T3255I|synSNP:C10198T|synSNP:G10447A|orf1ab:P3395H|synSNP:G12160A|synSNP:C12880T|orf1ab:P4715L|synSNP:C15324T|synSNP:C15654T|synSNP:C15714T|orf1ab:R5716C|orf1ab:I5967V|orf1ab:T6564I|synSNP:A20055G|S:T19I|S:G142D|S:V213G|S:G339D|S:S371F|S:S373P|S:S375F|S:T376A|S:D405N|S:R408S|S:K417N|S:N440K|S:L452R|S:S477N|S:T478K|S:E484A|S:F486V|S:Q498R|S:N501Y|S:Y505H|S:D614G|S:H655Y|S:N679K|S:P681H|S:N764K|S:D796Y|S:Q954H|S:N969K|synSNP:C25000T|synSNP:C25584T|ORF3a:T223I|E:T9I|M:D3N|M:Q19E|M:A63T|ORF6:V5I|synSNP:T27438C|N:P13L|synSNP:A28864T|N:R203K|N:G204R|N:S413R|ORF10:L37F"
"72","Wales/PHWC-PJ691H/2022",2022.48493150685,2022-06-27,"CARMARTHENSHIRE","Unassigned","orf1ab:S135R|orf1ab:T842I|synSNP:C3037T|orf1ab:S1221P|orf1ab:G1307S|synSNP:C4321T|orf1ab:L3027F|synSNP:A9424G|orf1ab:T3090I|orf1ab:T3255I|synSNP:C10198T|synSNP:G10447A|orf1ab:P3395H|synSNP:G12160A|synSNP:C12880T|orf1ab:P4715L|orf1ab:F5086Y|synSNP:C15654T|synSNP:C15714T|orf1ab:R5716C|orf1ab:I5967V|S:T19I|S:G142D|S:V213G|S:G339D|S:S371F|S:S373P|S:S375F|S:T376A|S:D405N|S:R408S|S:K417N|S:N440K|S:L452R|S:S477N|S:T478K|S:E484A|S:F486V|S:Q498R|S:N501Y|S:Y505H|S:D614G|S:H655Y|S:N679K|S:P681H|S:N764K|S:D796Y|S:Q954H|S:N969K|synSNP:C25000T|S:C1250Y|synSNP:C25584T|ORF3a:T223I|E:T9I|M:D3N|M:Q19E|M:A63T|ORF6:V5I|synSNP:T27438C|N:P13L|synSNP:A28864T|N:R203K|N:G204R|N:S413R|ORF10:L37F"
"73","England/PHEC-YYF4WUM/2022",2022.49315068493,2022-06-30,"","BA.5.1.2","orf1ab:S135R|orf1ab:T842I|synSNP:C3037T|orf1ab:G1307S|synSNP:C4321T|orf1ab:L3027F|synSNP:A9424G|orf1ab:T3090I|orf1ab:T3255I|synSNP:C10198T|synSNP:G10447A|orf1ab:P3395H|synSNP:G12160A|synSNP:C12880T|orf1ab:P4715L|synSNP:C15654T|synSNP:C15714T|orf1ab:R5716C|orf1ab:I5967V|orf1ab:T6564I|synSNP:A20055G|S:T19I|S:G142D|S:V213G|S:G339D|S:S373P|S:S375F|S:T376A|S:D405N|S:K417N|S:N440K|S:L452R|S:S477N|S:T478K|S:E484A|S:F486V|S:Q498R|S:N501Y|S:Y505H|S:D614G|S:H655Y|S:N679K|S:P681H|S:N764K|S:D796Y|S:Q954H|S:N969K|synSNP:C25000T|synSNP:C25584T|ORF3a:T223I|E:T9I|M:D3N|M:Q19E|M:A63T|ORF6:V5I|synSNP:T27438C|N:P13L|synSNP:A28864T|N:R203K|N:G204R|N:S413R|ORF10:L37F"
"74","Wales/LSPA-3E9E56B/2022",2022.4904109589,2022-06-29,"SWANSEA","BA.5.1.2","orf1ab:S135R|orf1ab:T842I|synSNP:C3037T|orf1ab:G1307S|synSNP:C4321T|orf1ab:L3027F|synSNP:A9424G|orf1ab:T3090I|orf1ab:T3255I|synSNP:C10198T|synSNP:G10447A|orf1ab:P3395H|synSNP:G12160A|synSNP:C12880T|orf1ab:P4715L|synSNP:C15654T|synSNP:C15714T|orf1ab:R5716C|orf1ab:I5967V|orf1ab:T6564I|synSNP:A20055G|S:T19I|S:G142D|S:V213G|S:G339D|S:S371F|S:S373P|S:S375F|S:T376A|S:D405N|S:R408S|S:K417N|S:N440K|S:L452R|S:S477N|S:T478K|S:E484A|S:F486V|S:Q498R|S:N501Y|S:Y505H|S:D614G|S:H655Y|S:N679K|S:P681H|S:N764K|S:D796Y|S:Q954H|S:N969K|synSNP:C25000T|S:C1250Y|synSNP:C25584T|ORF3a:T223I|E:T9I|M:D3N|M:Q19E|M:A63T|ORF6:V5I|synSNP:T27438C|N:P13L|synSNP:A28864T|N:R203K|N:G204R|N:S413R|ORF10:L37F"
"75","Wales/LSPA-3E9D3AE/2022",2022.48767123288,2022-06-28,"CAERPHILLY","BA.5.1.2","orf1ab:S135R|orf1ab:T842I|synSNP:C3037T|orf1ab:G1307S|synSNP:C4321T|orf1ab:L3027F|synSNP:A9424G|orf1ab:T3090I|orf1ab:T3255I|synSNP:C10198T|synSNP:G10447A|orf1ab:P3395H|synSNP:G12160A|synSNP:C12880T|orf1ab:P4715L|synSNP:C15654T|synSNP:C15714T|orf1ab:R5716C|orf1ab:I5967V|orf1ab:T6564I|synSNP:A20055G|S:T19I|S:G142D|S:V213G|S:G339D|S:S371F|S:S373P|S:S375F|S:T376A|S:D405N|S:R408S|S:K417N|S:N440K|S:L452R|S:S477N|S:T478K|S:E484A|S:F486V|S:Q498R|S:N501Y|S:Y505H|S:D614G|S:H655Y|S:N679K|S:P681H|S:N764K|S:D796Y|S:Q954H|S:N969K|synSNP:C25000T|S:C1250Y|synSNP:C25584T|ORF3a:T223I|E:T9I|M:D3N|M:Q19E|M:A63T|ORF6:V5I|synSNP:T27438C|N:P13L|synSNP:A28864T|N:R203K|N:G204R|N:S413R|ORF10:L37F"
"76","England/PHEC-YYF3NI5/2022",2022.47945205479,2022-06-25,"","BA.5.1.2","orf1ab:S135R|orf1ab:T842I|synSNP:C3037T|orf1ab:G1307S|synSNP:C4321T|orf1ab:L3027F|synSNP:A9424G|orf1ab:T3090I|orf1ab:T3255I|synSNP:C10198T|synSNP:G10447A|orf1ab:P3395H|synSNP:G12160A|synSNP:C12880T|orf1ab:P4715L|synSNP:C15654T|synSNP:C15714T|orf1ab:R5716C|orf1ab:I5967V|orf1ab:T6564I|synSNP:A20055G|orf1ab:A6832V|S:T19I|S:G142D|synSNP:A22102G|S:V213G|S:G339D|S:S373P|S:S375F|S:T376A|S:D405N|S:R408S|S:K417N|S:N440K|S:L452R|S:S477N|S:T478K|S:E484A|S:F486V|S:Q498R|S:N501Y|S:Y505H|S:D614G|S:H655Y|S:N679K|S:P681H|S:N764K|S:D796Y|S:Q954H|S:N969K|synSNP:C25000T|synSNP:C25584T|ORF3a:T223I|E:T9I|M:D3N|M:Q19E|M:A63T|ORF6:V5I|synSNP:T27438C|N:P13L|synSNP:A28864T|N:R203K|N:G204R|N:S413R|ORF10:L37F"
"77","England/PHEP-YYF8OZQ/2022",2022.48219178082,2022-06-26,"","BA.5.1.2","orf1ab:S135R|orf1ab:T842I|synSNP:C3037T|orf1ab:G1307S|synSNP:C4321T|orf1ab:L3027F|synSNP:A9424G|orf1ab:T3090I|orf1ab:T3255I|synSNP:C10198T|synSNP:G10447A|orf1ab:P3395H|synSNP:G12160A|synSNP:C12880T|orf1ab:P4715L|synSNP:C15654T|synSNP:C15714T|orf1ab:R5716C|orf1ab:I5967V|orf1ab:T6564I|synSNP:A20055G|S:T19I|S:G142D|S:V213G|S:G339D|S:S371F|S:S373P|S:S375F|S:T376A|S:D405N|S:R408S|S:K417N|S:N440K|S:L452R|S:S477N|S:T478K|S:E484A|S:F486V|S:Q498R|S:N501Y|S:Y505H|S:D614G|S:H655Y|S:N679K|S:P681H|S:N764K|S:D796Y|S:Q954H|S:N969K|synSNP:C25000T|S:C1250Y|synSNP:C25584T|ORF3a:T223I|E:T9I|M:D3N|M:Q19E|M:A63T|ORF6:V5I|synSNP:T27438C|N:P13L|synSNP:A28864T|N:R203K|N:G204R|N:S413R|ORF10:L37F"
"78","England/QEUH-3E98455/2022",2022.48219178082,2022-06-26,"GREATER_LONDON","BA.5.1.2","orf1ab:S135R|orf1ab:T842I|synSNP:C3037T|orf1ab:R1170C|orf1ab:G1307S|synSNP:C4321T|orf1ab:L3027F|synSNP:A9424G|orf1ab:T3090I|orf1ab:T3255I|synSNP:C10198T|synSNP:G10447A|orf1ab:P3395H|synSNP:G12160A|synSNP:C12880T|orf1ab:P4715L|synSNP:C15654T|synSNP:C15714T|orf1ab:R5716C|orf1ab:I5967V|orf1ab:T6564I|synSNP:A20055G|S:T19I|S:G142D|S:V213G|S:G339D|S:S371F|S:S373P|S:S375F|S:T376A|S:D405N|S:R408S|S:K417N|S:N440K|S:L452R|S:S477N|S:T478K|S:E484A|S:F486V|S:Q498R|S:N501Y|S:Y505H|S:D614G|S:H655Y|S:N679K|S:P681H|S:N764K|S:D796Y|S:Q954H|S:N969K|synSNP:C25000T|synSNP:C25584T|ORF3a:G100C|ORF3a:T223I|E:T9I|M:D3N|M:Q19E|M:A63T|ORF6:V5I|synSNP:T27438C|N:P13L|synSNP:A28864T|N:R203K|N:G204R|N:S413R|ORF10:L37F"
"79","England/QEUH-3E982D3/2022",2022.48219178082,2022-06-26,"GREATER_LONDON","BA.5.1.2","orf1ab:S135R|orf1ab:T842I|synSNP:C3037T|orf1ab:R1170C|orf1ab:G1307S|synSNP:C4321T|orf1ab:L3027F|synSNP:A9424G|orf1ab:T3090I|orf1ab:T3255I|synSNP:C10198T|synSNP:G10447A|orf1ab:P3395H|synSNP:G12160A|synSNP:C12880T|orf1ab:P4715L|synSNP:C15654T|synSNP:C15714T|orf1ab:R5716C|orf1ab:I5967V|orf1ab:T6564I|synSNP:A20055G|S:T19I|S:G142D|S:V213G|S:G339D|S:S371F|S:S373P|S:S375F|S:T376A|S:D405N|S:R408S|S:K417N|S:N440K|S:L452R|S:S477N|S:T478K|S:E484A|S:F486V|S:Q498R|S:N501Y|S:Y505H|S:D614G|S:H655Y|S:N679K|S:P681H|S:N764K|S:D796Y|S:Q954H|S:N969K|synSNP:C25000T|synSNP:C25584T|ORF3a:G100C|ORF3a:T223I|E:T9I|M:D3N|M:Q19E|M:A63T|ORF6:V5I|synSNP:T27438C|N:P13L|synSNP:A28864T|N:R203K|N:G204R|N:S413R|ORF10:L37F"
"80","England/PHEP-YYF8K5C/2022",2022.48219178082,2022-06-26,"","BA.5.1.2","orf1ab:S135R|orf1ab:T842I|synSNP:C3037T|orf1ab:G1307S|synSNP:C4321T|synSNP:T7900C|orf1ab:L3027F|synSNP:A9424G|orf1ab:T3090I|orf1ab:T3255I|synSNP:C10198T|synSNP:G10447A|orf1ab:P3395H|synSNP:G12160A|synSNP:C12880T|orf1ab:P4715L|synSNP:C15654T|synSNP:C15714T|orf1ab:R5716C|S:T19I|S:G142D|S:V213G|S:G339D|S:S371F|S:S373P|S:S375F|S:T376A|S:D405N|S:R408S|S:K417N|S:N440K|S:L452R|S:S477N|S:T478K|S:E484A|S:F486V|S:Q498R|S:N501Y|S:Y505H|S:D614G|S:H655Y|S:N679K|S:P681H|S:N764K|S:D796Y|S:Q954H|S:N969K|synSNP:C25000T|synSNP:C25584T|ORF3a:T223I|E:T9I|M:D3N|M:Q19E|M:A63T|ORF6:V5I|synSNP:T27438C|N:P13L|synSNP:A28864T|N:R203K|N:G204R|N:S413R|ORF10:L37F"
"81","England/PHEP-YYF8QMJ/2022",2022.48767123288,2022-06-28,"","Unassigned","orf1ab:S135R|orf1ab:T842I|synSNP:C3037T|orf1ab:G1307S|synSNP:C4321T|orf1ab:L3027F|orf1ab:T3090I|orf1ab:T3255I|synSNP:C10198T|synSNP:G10447A|orf1ab:P3395H|orf1ab:G3514V|synSNP:G12160A|synSNP:C12880T|orf1ab:P4715L|synSNP:C15654T|synSNP:C15714T|orf1ab:R5716C|orf1ab:I5967V|S:L5F|S:G142D|S:V213G|S:G339D|S:S371F|S:S373P|S:S375F|S:T376A|S:D405N|S:R408S|S:K417N|S:N440K|S:L452R|S:S477N|S:T478K|S:E484A|S:F486V|S:Q498R|S:N501Y|S:Y505H|S:D614G|S:H655Y|S:N679K|S:P681H|S:N764K|S:D796Y|S:Q954H|S:N969K|synSNP:C25000T|synSNP:C25584T|ORF3a:T223I|E:T9I|M:D3N|M:Q19E|M:A63T|ORF6:V5I|synSNP:T27438C|N:P13L|synSNP:A28864T|N:R203K|N:G204R|N:S413R|ORF10:L37F"
"82","England/PHEP-YYF8Q8T/2022",2022.48767123288,2022-06-28,"","Unassigned","orf1ab:S135R|orf1ab:T842I|synSNP:C3037T|orf1ab:G1307S|synSNP:C4321T|orf1ab:L3027F|orf1ab:T3090I|orf1ab:T3255I|synSNP:C10198T|synSNP:G10447A|orf1ab:P3395H|synSNP:G12160A|synSNP:C12880T|orf1ab:P4715L|synSNP:C15654T|synSNP:C15714T|orf1ab:R5716C|S:L5F|S:G142D|S:V213G|S:G339D|S:S371F|S:S373P|S:S375F|S:T376A|S:D405N|S:R408S|S:K417N|S:N440K|S:L452R|S:S477N|S:T478K|S:E484A|S:F486V|S:Q498R|S:N501Y|S:Y505H|S:D614G|S:H655Y|S:N679K|S:P681H|S:N764K|S:D796Y|S:Q954H|S:N969K|synSNP:C25000T|synSNP:C25584T|ORF3a:T223I|E:T9I|M:D3N|M:Q19E|M:A63T|ORF6:V5I|synSNP:T27438C|N:P13L|synSNP:A28864T|N:R203K|N:G204R|N:S413R|ORF10:L37F"
"83","England/QEUH-3E84AB4/2022",2022.47945205479,2022-06-25,"BOLTON","BA.5.1.2","orf1ab:S135R|orf1ab:T842I|synSNP:C3037T|orf1ab:G1307S|synSNP:C4321T|orf1ab:L3027F|synSNP:A9424G|orf1ab:T3090I|orf1ab:T3255I|synSNP:C10198T|synSNP:G10447A|orf1ab:P3395H|synSNP:G12160A|synSNP:C12880T|orf1ab:P4715L|synSNP:C15654T|synSNP:C15714T|orf1ab:R5716C|orf1ab:I5967V|orf1ab:T6564I|synSNP:A20055G|orf1ab:A6832V|S:T19I|S:G142D|S:V213G|S:G339D|S:S371F|S:S373P|S:S375F|S:T376A|S:D405N|S:R408S|S:K417N|S:N440K|S:L452R|S:S477N|S:T478K|S:E484A|S:F486V|S:Q498R|S:N501Y|S:Y505H|S:D614G|S:H655Y|S:N679K|S:P681H|S:N764K|S:D796Y|S:Q954H|S:N969K|synSNP:C25000T|synSNP:C25584T|ORF3a:T223I|E:T9I|M:D3N|M:Q19E|M:A63T|ORF6:V5I|synSNP:T27438C|N:P13L|synSNP:A28864T|N:R203K|N:G204R|N:S413R|ORF10:L37F"
"84","England/LSPA-3E8A7A8/2022",2022.47671232877,2022-06-24,"LINCOLNSHIRE","BA.5.1.2","orf1ab:S135R|orf1ab:T842I|synSNP:C3037T|orf1ab:G1307S|synSNP:C4321T|orf1ab:L3027F|synSNP:A9424G|orf1ab:T3090I|orf1ab:T3255I|synSNP:C10138T|synSNP:C10198T|synSNP:G10447A|orf1ab:P3395H|synSNP:G12160A|synSNP:C12880T|orf1ab:P4715L|synSNP:C15654T|synSNP:C15714T|orf1ab:R5716C|orf1ab:I5967V|orf1ab:T6564I|synSNP:A20055G|S:T19I|S:G142D|S:V213G|S:G339D|S:S371F|S:S373P|S:S375F|S:T376A|S:D405N|S:R408S|S:K417N|S:N440K|S:L452R|S:S477N|S:T478K|S:E484A|S:F486V|S:Q498R|S:N501Y|S:Y505H|S:D614G|S:H655Y|S:N679K|S:P681H|S:N764K|S:D796Y|S:Q954H|S:N969K|synSNP:C25000T|synSNP:C25584T|ORF3a:T223I|E:T9I|M:D3N|M:Q19E|M:A63T|ORF6:V5I|synSNP:T27438C|N:P13L|synSNP:A28864T|N:R203K|N:G204R|N:S413R|ORF10:L37F"
"85","Scotland/LSPA-3E881AC/2022",2022.47945205479,2022-06-25,"HIGHLAND","BA.5.1.2","orf1ab:S135R|orf1ab:T842I|synSNP:C3037T|orf1ab:G1307S|synSNP:C4321T|orf1ab:L3027F|synSNP:A9424G|orf1ab:T3090I|orf1ab:T3255I|synSNP:C10198T|synSNP:G10447A|orf1ab:P3395H|synSNP:G12160A|synSNP:C12880T|orf1ab:P4715L|synSNP:C15654T|synSNP:C15714T|orf1ab:R5716C|orf1ab:I5967V|orf1ab:T6564I|synSNP:A20055G|S:T19I|S:G142D|S:V213G|S:G339D|S:S371F|S:S373P|S:S375F|S:T376A|S:D405N|S:R408S|S:K417N|S:N440K|S:L452R|S:S477N|S:T478K|S:E484A|S:F486V|S:Q498R|S:N501Y|S:Y505H|S:D614G|S:H655Y|S:N679K|S:P681H|S:N764K|S:D796Y|S:Q954H|S:N969K|synSNP:C25000T|synSNP:C25584T|ORF3a:T223I|E:T9I|M:D3N|M:Q19E|M:A63T|ORF6:V5I|synSNP:T27438C|N:P13L|synSNP:A28864T|N:R203K|N:G204R|N:S413R|ORF10:L37F"
"86","Scotland/LSPA-3E88151/2022",2022.47945205479,2022-06-25,"HIGHLAND","BA.5.1.2","orf1ab:S135R|orf1ab:T842I|synSNP:C3037T|orf1ab:G1307S|synSNP:C4321T|orf1ab:L3027F|synSNP:A9424G|orf1ab:T3090I|orf1ab:T3255I|synSNP:C10198T|synSNP:G10447A|orf1ab:P3395H|synSNP:G12160A|synSNP:C12880T|orf1ab:P4715L|synSNP:C15654T|synSNP:C15714T|orf1ab:R5716C|orf1ab:I5967V|orf1ab:T6564I|synSNP:A20055G|S:T19I|S:G142D|S:V213G|S:G339D|S:S371F|S:S373P|S:S375F|S:T376A|S:D405N|S:R408S|S:K417N|S:N440K|S:L452R|S:S477N|S:T478K|S:E484A|S:F486V|S:Q498R|S:N501Y|S:Y505H|S:D614G|S:H655Y|S:N679K|S:P681H|S:N764K|S:D796Y|S:Q954H|S:N969K|synSNP:C25000T|synSNP:C25584T|ORF3a:T223I|E:T9I|M:D3N|M:Q19E|M:A63T|ORF6:V5I|synSNP:T27438C|N:P13L|synSNP:A28864T|N:R203K|N:G204R|N:S413R|ORF10:L37F"
"87","England/QEUH-3E6EA0B/2022",2022.46301369863,2022-06-19,"GREATER_LONDON","BA.5.1.2","orf1ab:R124C|orf1ab:S135R|orf1ab:T842I|synSNP:C3037T|orf1ab:G1307S|synSNP:C4321T|synSNP:C8266T|orf1ab:L3027F|synSNP:A9424G|orf1ab:T3090I|orf1ab:T3255I|synSNP:C10198T|synSNP:G10447A|orf1ab:P3395H|synSNP:G12160A|synSNP:C12880T|orf1ab:P4715L|synSNP:C15654T|synSNP:C15714T|orf1ab:R5716C|orf1ab:I5967V|orf1ab:T6564I|synSNP:A20055G|S:T19I|S:G142D|S:V213G|S:G339D|S:S371F|S:S373P|S:S375F|S:T376A|S:D405N|S:R408S|S:K417N|S:N440K|S:L452R|S:S477N|S:T478K|S:E484A|S:F486V|S:Q498R|S:N501Y|S:Y505H|S:D614G|S:H655Y|S:N679K|S:P681H|S:N764K|S:D796Y|S:Q954H|S:N969K|synSNP:C25000T|synSNP:C25584T|ORF3a:T223I|E:T9I|M:D3N|M:Q19E|M:A63T|ORF6:V5I|synSNP:T27438C|N:P13L|synSNP:A28864T|N:R203K|N:G204R|N:S413R|ORF10:L37F"
"88","Wales/PHWC-PJ6BJP/2022",2022.47123287671,2022-06-22,"CARDIFF","BA.5.1.2","orf1ab:S135R|orf1ab:T842I|synSNP:C3037T|orf1ab:G1307S|synSNP:C4321T|orf1ab:L3027F|synSNP:A9424G|orf1ab:T3090I|orf1ab:T3255I|synSNP:C10198T|synSNP:G10447A|orf1ab:P3395H|synSNP:G12160A|synSNP:C12880T|orf1ab:P4715L|synSNP:C15654T|synSNP:C15714T|orf1ab:R5716C|orf1ab:I5967V|orf1ab:T6564I|synSNP:A20055G|S:T19I|S:G142D|S:V213G|S:G339D|S:S371F|S:S373P|S:S375F|S:T376A|S:D405N|S:R408S|S:K417N|S:N440K|S:L452R|S:S477N|S:T478K|S:E484A|S:F486V|S:Q498R|S:N501Y|S:Y505H|S:D614G|S:H655Y|S:N679K|S:P681H|S:N764K|S:D796Y|S:Q954H|S:N969K|synSNP:C25000T|S:C1250Y|synSNP:C25584T|ORF3a:T223I|E:T9I|M:D3N|M:Q19E|M:A63T|ORF6:V5I|synSNP:T27438C|N:P13L|synSNP:A28864T|N:R203K|N:G204R|N:S413R|ORF10:L37F"
"89","England/PHEP-YYFDJUF/2022",2022.46301369863,2022-06-19,"","BA.5.1.2","orf1ab:S135R|orf1ab:T842I|synSNP:C3037T|orf1ab:G1307S|synSNP:C4321T|orf1ab:L3027F|synSNP:A9424G|orf1ab:T3090I|orf1ab:T3255I|synSNP:C10198T|synSNP:G10447A|orf1ab:P3395H|synSNP:G12160A|synSNP:C12880T|orf1ab:P4715L|synSNP:C15654T|synSNP:C15714T|orf1ab:R5716C|orf1ab:I5967V|S:T19I|S:G142D|S:V213G|S:G339D|S:S371F|S:S373P|S:S375F|S:T376A|S:D405N|S:R408S|S:K417N|S:N440K|S:L452R|S:S477N|S:T478K|S:E484A|S:F486V|S:Q498R|S:N501Y|S:Y505H|S:D614G|S:H655Y|S:N679K|S:P681H|S:N764K|S:D796Y|S:Q954H|S:N969K|synSNP:C25000T|synSNP:C25584T|ORF3a:T223I|E:T9I|M:D3N|M:Q19E|M:A63T|ORF6:V5I|synSNP:T27438C|N:P13L|synSNP:A28864T|N:R203K|N:G204R|N:S413R|ORF10:L37F"
"90","Wales/PHWC-PJ7SOM/2022",2022.4602739726,2022-06-18,"NEWPORT","BA.5.1.2","orf1ab:S135R|orf1ab:T842I|synSNP:C3037T|orf1ab:G1307S|synSNP:C4321T|orf1ab:L3027F|synSNP:A9424G|orf1ab:T3090I|orf1ab:T3255I|synSNP:C10198T|synSNP:G10447A|orf1ab:P3395H|synSNP:G12160A|synSNP:C12880T|orf1ab:P4715L|synSNP:C15654T|synSNP:C15714T|orf1ab:R5716C|orf1ab:I5967V|orf1ab:T6564I|synSNP:A20055G|S:T19I|S:G142D|S:V213G|S:G339D|S:S371F|S:S373P|S:S375F|S:T376A|S:D405N|S:R408S|S:K417N|S:N440K|S:L452R|S:S477N|S:T478K|S:E484A|S:F486V|S:Q498R|S:N501Y|S:Y505H|S:D614G|S:H655Y|S:N679K|S:P681H|S:N764K|S:D796Y|S:Q954H|S:N969K|synSNP:C25000T|S:C1250Y|synSNP:C25584T|ORF3a:T223I|E:T9I|M:D3N|M:Q19E|M:A63T|ORF6:V5I|synSNP:T27438C|N:P13L|synSNP:A28864T|N:R203K|N:G204R|N:S413R|ORF10:L37F"
"91","Scotland/QEUH-3E6BCEA/2022",2022.45753424658,2022-06-17,"PERTHSHIRE_AND_KINROSS|FIFE","BA.5.1.2","orf1ab:S135R|orf1ab:T842I|synSNP:C3037T|orf1ab:G1307S|synSNP:C4321T|orf1ab:L3027F|synSNP:A9424G|orf1ab:T3090I|orf1ab:T3255I|synSNP:C10198T|synSNP:G10447A|orf1ab:P3395H|synSNP:G12160A|synSNP:C12880T|orf1ab:P4715L|synSNP:C15654T|synSNP:C15714T|orf1ab:R5716C|orf1ab:I5967V|orf1ab:T6564I|synSNP:A20055G|S:T19I|S:G142D|S:V213G|S:G339D|S:S371F|S:S373P|S:S375F|S:T376A|S:D405N|S:R408S|S:K417N|S:N440K|S:L452R|S:S477N|S:T478K|S:E484A|S:F486V|S:Q498R|S:N501Y|S:Y505H|S:D614G|S:H655Y|S:N679K|S:P681H|S:N764K|S:D796Y|S:Q954H|S:N969K|synSNP:C25000T|synSNP:C25584T|ORF3a:T223I|E:T9I|M:D3N|M:Q19E|M:A63T|ORF6:V5I|synSNP:T27438C|N:P13L|synSNP:A28864T|N:R203K|N:G204R|N:S413R|ORF10:L37F"
"92","Scotland/QEUH-3E6BD41/2022",2022.45753424658,2022-06-17,"PERTHSHIRE_AND_KINROSS|FIFE","BA.5.1.2","orf1ab:S135R|orf1ab:T842I|synSNP:C3037T|orf1ab:G1307S|synSNP:C4321T|orf1ab:L3027F|synSNP:A9424G|orf1ab:T3090I|orf1ab:T3255I|synSNP:C10198T|synSNP:G10447A|orf1ab:P3395H|synSNP:G12160A|synSNP:C12880T|orf1ab:P4715L|synSNP:C15654T|synSNP:C15714T|orf1ab:R5716C|orf1ab:I5967V|orf1ab:T6564I|synSNP:A20055G|S:T19I|S:G142D|S:V213G|S:G339D|S:S371F|S:S373P|S:S375F|S:T376A|S:D405N|S:R408S|S:K417N|S:N440K|S:L452R|S:S477N|S:T478K|S:E484A|S:F486V|S:Q498R|S:N501Y|S:Y505H|S:D614G|S:H655Y|S:N679K|S:P681H|S:N764K|S:D796Y|S:Q954H|S:N969K|synSNP:C25000T|synSNP:C25584T|ORF3a:T223I|E:T9I|M:D3N|M:Q19E|M:A63T|ORF6:V5I|synSNP:T27438C|N:P13L|synSNP:A28864T|N:R203K|N:G204R|N:S413R|ORF10:L37F"
"93","England/QEUH-3E69B58/2022",2022.45753424658,2022-06-17,"STOCKPORT","BA.5.1.2","orf1ab:S135R|orf1ab:T842I|synSNP:C3037T|orf1ab:G1307S|synSNP:C4321T|orf1ab:L3027F|synSNP:A9424G|orf1ab:T3090I|orf1ab:T3255I|synSNP:C10198T|synSNP:G10447A|orf1ab:P3395H|synSNP:G12160A|synSNP:C12880T|orf1ab:P4715L|synSNP:C15654T|synSNP:C15714T|orf1ab:R5716C|orf1ab:I5967V|orf1ab:T6175I|orf1ab:T6564I|synSNP:A20055G|S:T19I|S:G142D|S:V213G|S:G339D|S:S371F|S:S373P|S:S375F|S:T376A|S:D405N|S:R408S|S:K417N|S:N440K|S:L452R|S:S477N|S:T478K|S:E484A|S:F486V|S:Q498R|S:N501Y|S:Y505H|S:D614G|S:H655Y|S:N679K|S:P681H|S:N764K|S:D796Y|S:Q954H|S:N969K|synSNP:C25000T|synSNP:C25584T|ORF3a:T223I|E:T9I|M:D3N|M:Q19E|M:A63T|ORF6:V5I|synSNP:T27438C|N:P13L|synSNP:A28864T|N:R203K|N:G204R|N:S413R|ORF10:L37F"
"94","England/LSPA-3E61F81/2022",2022.44931506849,2022-06-14,"GREATER_LONDON","Unassigned","orf1ab:S135R|orf1ab:T842I|synSNP:C3037T|orf1ab:G1307S|synSNP:C4321T|orf1ab:L3027F|synSNP:A9424G|orf1ab:T3090I|orf1ab:T3255I|synSNP:C10198T|synSNP:G10447A|orf1ab:P3395H|synSNP:G12160A|synSNP:C12880T|orf1ab:P4715L|synSNP:C15654T|synSNP:C15714T|orf1ab:R5716C|orf1ab:I5967V|S:T19I|S:G142D|S:V213G|S:G339D|S:S371F|S:S373P|S:S375F|S:T376A|S:D405N|S:R408S|S:K417N|S:N440K|S:L452R|S:S477N|S:T478K|S:E484A|S:F486V|S:Q498R|S:N501Y|S:Y505H|S:D614G|S:H655Y|S:N679K|S:P681H|S:N764K|S:D796Y|S:Q954H|S:N969K|synSNP:C25000T|synSNP:C25584T|ORF3a:T223I|E:T9I|M:D3N|M:Q19E|M:A63T|ORF6:V5I|synSNP:T27438C|N:P13L|synSNP:A28864T|N:R203K|N:G204R|N:S413R|ORF10:L37F"
"95","England/LSPA-3E5D182/2022",2022.44931506849,2022-06-14,"GREATER_LONDON","BA.5.1.2","orf1ab:S135R|orf1ab:T842I|synSNP:C3037T|orf1ab:G1307S|synSNP:C4321T|orf1ab:L3027F|synSNP:A9424G|orf1ab:T3090I|orf1ab:T3255I|synSNP:C10198T|synSNP:G10447A|orf1ab:P3395H|synSNP:G12160A|synSNP:C12880T|orf1ab:P4715L|synSNP:C15654T|synSNP:C15714T|orf1ab:R5716C|orf1ab:I5967V|orf1ab:T6564I|synSNP:A20055G|S:T19I|S:G142D|S:V213G|S:G339D|S:S371F|S:S373P|S:S375F|S:T376A|S:D405N|S:R408S|S:K417N|S:N440K|S:L452R|S:S477N|S:T478K|S:E484A|S:F486V|S:Q498R|S:N501Y|S:Y505H|S:D614G|S:H655Y|S:N679K|S:P681H|S:N764K|S:D796Y|S:Q954H|S:N969K|synSNP:C25000T|synSNP:C25584T|ORF3a:T223I|E:T9I|M:D3N|M:Q19E|M:A63T|ORF6:V5I|synSNP:T27438C|N:P13L|synSNP:A28864T|N:R203K|N:G204R|N:S413R|ORF10:L37F"
"96","England/LSPA-3E5BF7B/2022",2022.44657534247,2022-06-13,"GREATER_LONDON","BA.5.1.2","orf1ab:S135R|orf1ab:T842I|synSNP:C3037T|orf1ab:G1307S|synSNP:C4321T|orf1ab:L3027F|synSNP:A9424G|orf1ab:T3090I|orf1ab:T3255I|synSNP:C10198T|synSNP:G10447A|orf1ab:P3395H|synSNP:G12160A|synSNP:C12880T|orf1ab:P4715L|synSNP:C15654T|synSNP:C15714T|orf1ab:R5716C|orf1ab:I5967V|orf1ab:T6564I|synSNP:A20055G|S:T19I|S:G142D|S:V213G|S:G339D|S:S371F|S:S373P|S:S375F|S:T376A|S:D405N|S:R408S|S:K417N|S:N440K|S:L452R|S:S477N|S:T478K|S:E484A|S:F486V|S:Q498R|S:N501Y|S:Y505H|S:D614G|S:H655Y|S:N679K|S:P681H|S:N764K|S:D796Y|S:Q954H|S:N969K|synSNP:C25000T|synSNP:C25584T|ORF3a:T223I|E:T9I|M:D3N|M:Q19E|M:A63T|ORF6:V5I|synSNP:T27438C|N:P13L|synSNP:A28864T|N:R203K|N:G204R|N:S413R|ORF10:L37F"
"97","Wales/PHWC-PJ7QTT/2022",2022.44657534247,2022-06-13,"CARDIFF","BA.5.1.2","orf1ab:S135R|orf1ab:T842I|synSNP:C3037T|orf1ab:G1307S|synSNP:C4321T|orf1ab:L3027F|synSNP:A9424G|orf1ab:T3090I|orf1ab:T3255I|synSNP:C10198T|synSNP:G10447A|orf1ab:P3395H|synSNP:G12160A|synSNP:C12880T|orf1ab:P4715L|synSNP:C15654T|synSNP:C15714T|orf1ab:Y5648C|orf1ab:R5716C|orf1ab:T6564I|S:T19I|S:G142D|S:V213G|S:G339D|S:S371F|S:S373P|S:S375F|S:T376A|S:D405N|S:R408S|S:K417N|S:N440K|S:L452R|S:S477N|S:T478K|S:E484A|S:F486V|S:Q498R|S:N501Y|S:Y505H|S:D614G|S:H655Y|S:N679K|S:P681H|S:N764K|S:D796Y|S:Q954H|S:N969K|synSNP:C25000T|S:C1250Y|synSNP:C25584T|ORF3a:T223I|E:T9I|M:D3N|M:Q19E|M:A63T|ORF6:V5I|synSNP:T27438C|N:P13L|synSNP:A28864T|N:R203K|N:G204R|N:S413R|ORF10:L37F"
"98","England/LSPA-3E5A783/2022",2022.44657534247,2022-06-13,"GREATER_LONDON","BA.5.1.2","orf1ab:S135R|orf1ab:T842I|synSNP:C3037T|orf1ab:G1307S|synSNP:C4321T|orf1ab:L3027F|synSNP:A9424G|orf1ab:T3090I|orf1ab:T3255I|synSNP:C10198T|synSNP:G10447A|orf1ab:P3395H|synSNP:G12160A|synSNP:C12880T|orf1ab:P4715L|synSNP:C15654T|synSNP:C15714T|orf1ab:R5716C|orf1ab:I5967V|orf1ab:T6564I|synSNP:A20055G|S:T19I|S:G142D|S:V213G|S:G339D|S:S371F|S:S373P|S:S375F|S:T376A|S:D405N|S:R408S|S:K417N|S:N440K|S:L452R|S:S477N|S:T478K|S:E484A|S:F486V|S:Q498R|S:N501Y|S:Y505H|S:D614G|S:H655Y|S:N679K|S:P681H|S:N764K|S:D796Y|S:Q954H|S:N969K|synSNP:C25000T|synSNP:C25584T|ORF3a:T223I|E:T9I|M:D3N|M:Q19E|M:A63T|ORF6:V5I|synSNP:T27438C|N:P13L|synSNP:A28864T|N:R203K|N:G204R|N:S413R|ORF10:L37F"
"99","England/PHEP-YYFN8HZ/2022",2022.44109589041,2022-06-11,"","BA.5.1.2","orf1ab:S135R|orf1ab:T842I|synSNP:C3037T|orf1ab:G1307S|synSNP:C4321T|orf1ab:L3027F|synSNP:A9424G|orf1ab:T3090I|orf1ab:T3255I|synSNP:C10198T|synSNP:G10447A|orf1ab:P3395H|synSNP:G12160A|synSNP:C12880T|orf1ab:P4715L|synSNP:C15654T|synSNP:C15714T|orf1ab:R5716C|orf1ab:I5967V|orf1ab:T6564I|synSNP:A20055G|S:T19I|S:G142D|S:V213G|S:G339D|S:S371F|S:S373P|S:S375F|S:T376A|S:D405N|S:R408S|S:K417N|S:N440K|S:L452R|S:S477N|S:T478K|S:E484A|S:F486V|S:Q498R|S:N501Y|S:Y505H|S:D614G|S:H655Y|S:N679K|S:P681H|S:N764K|S:D796Y|S:Q954H|S:N969K|synSNP:C25000T|synSNP:C25584T|ORF3a:T223I|E:T9I|M:D3N|M:Q19E|M:A63T|ORF6:V5I|synSNP:T27438C|N:P13L|synSNP:A28864T|N:R203K|N:G204R|N:S413R|ORF10:L37F"
"100","England/PHEC-YYF1OPC/2022",2022.44657534247,2022-06-13,"","BA.5.1.2","orf1ab:S135R|orf1ab:T842I|synSNP:C3037T|orf1ab:G1307S|synSNP:C4321T|orf1ab:L3027F|synSNP:A9424G|orf1ab:T3090I|orf1ab:T3255I|synSNP:C10198T|synSNP:G10447A|orf1ab:P3395H|synSNP:G12160A|synSNP:C12880T|orf1ab:P4715L|synSNP:C15654T|synSNP:C15714T|orf1ab:R5716C|orf1ab:I5967V|orf1ab:T6564I|synSNP:A20055G|S:T19I|S:G142D|S:V213G|S:G339D|S:S373P|S:S375F|S:T376A|S:D405N|S:K417N|S:N440K|S:L452R|S:S477N|S:T478K|S:E484A|S:F486V|S:Q498R|S:N501Y|S:Y505H|S:D614G|S:H655Y|S:N679K|S:P681H|S:N764K|S:D796Y|S:Q954H|S:N969K|synSNP:C25000T|S:C1250Y|synSNP:C25584T|ORF3a:T223I|E:T9I|M:D3N|M:Q19E|M:A63T|ORF6:V5I|synSNP:T27438C|N:P13L|synSNP:A28864T|N:R203K|N:G204R|N:S413R|ORF10:L37F"
"101","Scotland/SCOT-13138/2022",2022.40273972603,2022-05-28,"NORTH_AYRSHIRE","BA.5.1.2","orf1ab:S135R|orf1ab:T842I|synSNP:C3037T|orf1ab:G1307S|synSNP:C4321T|orf1ab:L3027F|synSNP:A9424G|orf1ab:T3090I|orf1ab:T3255I|synSNP:C10198T|synSNP:G10447A|orf1ab:P3395H|synSNP:G12160A|synSNP:C12880T|orf1ab:P4715L|synSNP:C15654T|synSNP:C15714T|orf1ab:R5716C|orf1ab:I5967V|orf1ab:T6564I|synSNP:A20055G|S:T19I|S:G142D|S:V213G|S:G339D|S:S371F|S:S373P|S:S375F|S:T376A|S:D405N|S:R408S|S:K417N|S:N440K|S:L452R|S:S477N|S:T478K|S:E484A|S:F486V|S:Q498R|S:N501Y|S:Y505H|S:D614G|S:H655Y|S:N679K|S:P681H|S:N764K|S:D796Y|S:Q954H|S:N969K|synSNP:C25000T|synSNP:C25584T|ORF3a:T223I|E:T9I|M:D3N|M:Q19E|M:A63T|ORF6:V5I|synSNP:T27438C|N:P13L|synSNP:A28864T|N:R203K|N:G204R|N:S413R|ORF10:L37F"
